-- MySQL dump 10.13  Distrib 5.7.17, for Win64 (x86_64)
--
-- Host: localhost    Database: sym
-- ------------------------------------------------------
-- Server version	5.7.20-log

/*!40101 SET @OLD_CHARACTER_SET_CLIENT=@@CHARACTER_SET_CLIENT */;
/*!40101 SET @OLD_CHARACTER_SET_RESULTS=@@CHARACTER_SET_RESULTS */;
/*!40101 SET @OLD_COLLATION_CONNECTION=@@COLLATION_CONNECTION */;
/*!40101 SET NAMES utf8 */;
/*!40103 SET @OLD_TIME_ZONE=@@TIME_ZONE */;
/*!40103 SET TIME_ZONE='+00:00' */;
/*!40014 SET @OLD_UNIQUE_CHECKS=@@UNIQUE_CHECKS, UNIQUE_CHECKS=0 */;
/*!40014 SET @OLD_FOREIGN_KEY_CHECKS=@@FOREIGN_KEY_CHECKS, FOREIGN_KEY_CHECKS=0 */;
/*!40101 SET @OLD_SQL_MODE=@@SQL_MODE, SQL_MODE='NO_AUTO_VALUE_ON_ZERO' */;
/*!40111 SET @OLD_SQL_NOTES=@@SQL_NOTES, SQL_NOTES=0 */;

--
-- Table structure for table `categorias`
--

DROP TABLE IF EXISTS `categorias`;
/*!40101 SET @saved_cs_client     = @@character_set_client */;
/*!40101 SET character_set_client = utf8 */;
CREATE TABLE `categorias` (
  `idCategorias` int(11) NOT NULL AUTO_INCREMENT,
  `Categoria` varchar(50) NOT NULL,
  PRIMARY KEY (`idCategorias`)
) ENGINE=InnoDB AUTO_INCREMENT=12 DEFAULT CHARSET=utf8;
/*!40101 SET character_set_client = @saved_cs_client */;

--
-- Dumping data for table `categorias`
--

LOCK TABLES `categorias` WRITE;
/*!40000 ALTER TABLE `categorias` DISABLE KEYS */;
INSERT INTO `categorias` VALUES (1,'Sillas y mesas plegables'),(2,'Sillas apilables y de visita'),(3,'Sillas y mesas escolares'),(4,'Sillas y mesas para comedor'),(5,'Sillas y mesas altas'),(6,'Sillas para oficina'),(7,'Muebles para oficina'),(8,'Bancos tipo cajero'),(9,'Sillones ejecutivos'),(10,'Bancas de espera'),(11,'Muebles metálicos');
/*!40000 ALTER TABLE `categorias` ENABLE KEYS */;
UNLOCK TABLES;

--
-- Table structure for table `imagen`
--

DROP TABLE IF EXISTS `imagen`;
/*!40101 SET @saved_cs_client     = @@character_set_client */;
/*!40101 SET character_set_client = utf8 */;
CREATE TABLE `imagen` (
  `idImagen` int(11) NOT NULL AUTO_INCREMENT,
  `Ruta` varchar(500) DEFAULT NULL,
  `fkModelos` int(11) DEFAULT NULL,
  PRIMARY KEY (`idImagen`),
  KEY `fkModelos` (`fkModelos`),
  CONSTRAINT `imagen_ibfk_1` FOREIGN KEY (`fkModelos`) REFERENCES `modelos` (`idModelos`)
) ENGINE=InnoDB AUTO_INCREMENT=304 DEFAULT CHARSET=utf8;
/*!40101 SET character_set_client = @saved_cs_client */;

--
-- Dumping data for table `imagen`
--

LOCK TABLES `imagen` WRITE;
/*!40000 ALTER TABLE `imagen` DISABLE KEYS */;
INSERT INTO `imagen` VALUES (1,'./img/plegables/plegables principal/plegables acojinadas de colores.jpg',1),(2,'./img/plegables/plegables principal/silla plegable azul-blanca.jpg',1),(4,'./img/plegables/plegables principal/silla plegable plastico negro.jpg',2),(5,'./img/plegables/plegables principal/silla plegable plastico azul.jpg',2),(6,'./img/plegables/plegables principal/tablon con sillas plegables plastico.jpg',3),(7,'./img/plegables/plegables principal/mesa plegable cuadrada 75cm con sillas plegables.jpg',4),(8,'./img/plegables/plegables principal/mesa plegable cuadrada 75cm con sillas plegables.jpg',5),(9,'./img/plegables/plegables principal/mesa plegable cuadrada 75cm con sillas plegables.jpg',6),(10,'./img/plegables/plegables principal/MESA CUADRADA 150x150 250.jpg',7),(11,'./img/plegables/plegables principal/MESA CUADRADA 150X150 CON SILLAS AZULES 250.jpg',8),(12,'./img/plegables/plegables principal/MESA CUADRADA 150 REVERSO.jpg',9),(13,'./img/plegables/plegables principal/tablon rectangular triplay.jpg',10),(14,'./img/plegables/plegables principal/tablon rectangular melamina.jpg',11),(15,'./img/plegables/plegables principal/tablon rectangular macocel.jpg',12),(16,'./img/plegables/plegables principal/tablon rectangular fibra vidrio.jpg',13),(17,'./img/plegables/plegables principal/tablon hotelero con sillas.jpg',14),(18,'./img/plegables/plegables principal/tablon hotelero con sillas.jpg',15),(19,'./img/plegables/plegables principal/tablon hotelero con sillas.jpg',16),(20,'./img/plegables/plegables principal/MEDIO TABLON RECTANGULAR 320.jpg',17),(21,'./img/plegables/plegables principal/MEDIO TABLON RECTANGULAR 320.jpg',18),(22,'./img/plegables/plegables principal/MEDIO TABLON RECTANGULAR 320.jpg',19),(23,'./img/plegables/plegables principal/mesa redonda con 8 sillas azules.png',20),(26,'./img/plegables/plegables principal/mesa redonda con 8 sillas azules.png',21),(27,'./img/plegables/plegables principal/mesa redonda con 8 sillas azules.png',22),(28,'./img/plegables/plegables principal/mesa cuadrada 80x80 plegable.jpg',23),(29,'./img/plegables/plegables principal/silla plegable metalica.jpg',24),(30,'./img/plegables/plegables principal/silla plegable metalica 2.jpg',24),(31,'./img/plegables/plegables principal/tablon-infantil-180x50-fibra-vidrio.png',25),(32,'./img/plegables/plegables principal/tablon-infantil-180x50-fibra-vidrio.png',26),(33,'./img/plegables/plegables principal/tablon-infantil-180x50-fibra-vidrio.png',27),(34,'./img/plegables/plegables principal/silla plegable infantil 1.jpg',28),(35,'./img/plegables/plegables principal/silla plegable infantil 2.jpg',29),(36,'./img/plegables/plegables principal/Mesas abatibles circulares 60 y 75 400 ok.jpg',30),(37,'./img/plegables/plegables principal/Mesas abatibles circulares 60 y 75 400 ok.jpg',31),(38,'./img/plegables/plegables principal/Mesas abatibles circulares 60 y 75 400 ok.jpg',32),(39,'./img/plegables/plegables principal/Mesas abatibles circulares 60 y 75 400 ok.jpg',33),(40,'./img/plegables/plegables principal/Mesas abatibles circulares 60 y 75 400 ok.jpg',34),(41,'./img/plegables/plegables principal/Mesas abatibles circulares 60 y 75 400 ok.jpg',35),(42,'./img/apilablesvisita/apilablesvisita principal/ap 2p tela cromo 1.jpg',36),(43,'./img/apilablesvisita/apilablesvisita principal/ap 2p vinil cromo 1.jpg',194),(44,'./img/apilablesvisita/apilablesvisita principal/ap 2p r tela esmalte1.jpg',37),(45,'./img/apilablesvisita/apilablesvisita principal/ap 2p r tela esmalte 2.jpg',37),(46,'./img/apilablesvisita/apilablesvisita principal/ap h vinil esmalte 1.jpg',38),(48,'./img/apilablesvisita/apilablesvisita principal/silla apilable 3c cafe gris 1.png',39),(49,'./img/apilablesvisita/apilablesvisita principal/silla apilable 3c cafe gris 2.png',39),(50,'./img/apilablesvisita/apilablesvisita principal/ap c 1.jpg',40),(51,'./img/apilablesvisita/apilablesvisita principal/ap c 2.jpg	',40),(52,'./img/apilablesvisita/apilablesvisita principal/ap 1c tela cromo.jpg',41),(54,'./img/apilablesvisita/apilablesvisita principal/silla apilable de concha de plastico2.jpg',42),(55,'./img/apilablesvisita/apilablesvisita principal/silla de visita reforzada.jpg',43),(57,'./img/apilablesvisita/apilablesvisita principal/silla de visita con brazos reforzada.jpg',44),(58,'./img/apilablesvisita/apilablesvisita principal/silla de visita con brazos reforzada 2.jpg',44),(59,'./img/apilablesvisita/apilablesvisita principal/silla de visita style.jpg',45),(60,'./img/apilablesvisita/apilablesvisita principal/silla de visita style 2.jpg',45),(61,'./img/apilablesvisita/apilablesvisita principal/silla de visita style con brazos.jpg',46),(62,'./img/apilablesvisita/apilablesvisita principal/silla de visita style con brazos 2.jpg',46),(63,'./img/apilablesvisita/apilablesvisita principal/silla de visita esmaltada chica.jpg',47),(64,'./img/apilablesvisita/apilablesvisita principal/silla de visita esmaltada chica 2.jpg',47),(65,'./img/apilablesvisita/apilablesvisita principal/silla de visita layer.jpg',48),(66,'./img/apilablesvisita/apilablesvisita principal/silla de visita layer 2.jpg',48),(67,'./img/apilablesvisita/apilablesvisita principal/silla visita novaiso azul 1.jpg',49),(68,'./img/apilablesvisita/apilablesvisita principal/silla visita novaiso azul 2.jpg',49),(69,'./img/apilablesvisita/apilablesvisita principal/silla paola.jpg',50),(70,'./img/apilablesvisita/apilablesvisita principal/silla paola.jpg',51),(71,'./img/apilablesvisita/apilablesvisita principal/silla de visita malla.jpg',52),(72,'./img/apilablesvisita/apilablesvisita principal/silla de visita malla 2.jpg',52),(73,'./img/apilablesvisita/apilablesvisita principal/Silla Onix 2 400.jpg',53),(74,'./img/apilablesvisita/apilablesvisita principal/silla onix blanca-gris.jpg',53),(76,'./img/apilablesvisita/apilablesvisita principal/tifany plastico 400.jpg',54),(77,'./img/apilablesvisita/apilablesvisita principal/tifany plastico con cojin.jpg',55),(78,'./img/escolares/escolares principal/silla escolar con formica1OK.jpg',56),(79,'./img/escolares/escolares principal/silla escolar con formica2OK.jpg',56),(80,'./img/escolares/escolares principal/silla escolar concha con paleta.jpg',57),(81,'./img/escolares/escolares principal/silla escolar concha con paleta 2.jpg',57),(82,'./img/escolares/escolares principal/silla escolar h 1.jpg',58),(83,'./img/escolares/escolares principal/silla escolar h 2.jpg',58),(84,'./img/escolares/escolares principal/silla escolar ejecutiva 1.jpg',59),(85,'./img/escolares/escolares principal/silla escolar ejecutiva 2.jpg',59),(86,'./img/escolares/escolares principal/silla escolar semiejecutiva 1.jpg',60),(87,'./img/escolares/escolares principal/silla escolar semiejecutiva 2.jpg',60),(88,'./img/escolares/escolares principal/mesa computo completa.jpg',61),(89,'./img/escolares/escolares principal/mesa computo.jpg',61),(90,'./img/escolares/escolares principal/mesa primaria con silla de concha de plastico.jpg',62),(91,'./img/escolares/escolares principal/mesa trapecio con silla concha.jpg',63),(92,'./img/escolares/escolares principal/mesa trapecio amarilla.jpg',63),(93,'./img/escolares/escolares principal/mesa escolar cuadrada.jpg',64),(94,'./img/escolares/escolares principal/MESA BINARIA 1.jpg',65),(95,'./img/comedor/comedor principal/sr 1 cromada 1.jpg',66),(96,'./img/comedor/comedor principal/mesa cuadrada base 4p cromada.jpg',67),(97,'./img/comedor/comedor principal/silla strong cafe con tapiz beige 2.jpg',68),(98,'./img/comedor/comedor principal/mesa cuadrada base 4p esmaltada.jpg',69),(99,'./img/comedor/comedor principal/sr2 cromada.jpg',70),(100,'./img/comedor/comedor principal/mesa redonda base 4p cromada.jpg',71),(101,'./img/comedor/comedor principal/sr 3 cromada 1.jpg',72),(102,'./img/comedor/comedor principal/mesa redonda base 4p esmaltada	.jpg',73),(103,'./img/comedor/comedor principal/silla sr 4 cromada 2.jpg',74),(104,'./img/comedor/comedor principal/mesa cuadrada base 4p cromada.jpg',75),(105,'./img/comedor/comedor principal/silla sr 4 esmaltada 2.jpg',76),(106,'./img/comedor/comedor principal/mesa cuadrada base 4p esmaltada.jpg',77),(109,'./img/comedor/comedor principal/mesa cuadrada base disco.jpg',79),(111,'./img/comedor/comedor principal/mesa redonda base disco.jpg',81),(112,'./img/altas/altas principal/banco veli 1.jpg',82),(113,'./img/altas/altas principal/mesa alta 2.jpg',83),(114,'./img/altas/altas principal/banco giratorio 1.jpg',84),(115,'./img/altas/altas principal/mesa alta 1.jpg',85),(116,'./img/altas/altas principal/banco italia 1.jpg',86),(117,'./img/altas/altas principal/mesa alta 3.jpg',87),(118,'./img/altas/altas principal/banco valencia rojo 1.jpg',88),(119,'./img/altas/altas principal/banco valencia.jpg',88),(120,'./img/altas/altas principal/banco italia 3.jpg',89),(121,'./img/altas/altas principal/mesa alta cuadrada.jpg',90),(122,'./img/altas/altas principal/banco aluminio 1.jpg',91),(123,'./img/altas/altas principal/mesa de aluminio.jpg',92),(124,'./img/altas/altas principal/banco alto con mesa de cristal1.jpg',93),(125,'./img/altas/altas principal/banco alto con mesa de cristal2.jpg',94),(126,'./img/sillas_oficina/sillas_oficina principal/silla economica 400 2.jpg',95),(127,'./img/sillas_oficina/sillas_oficina principal/silla economica 400.jpg',95),(128,'./img/sillas_oficina/sillas_oficina principal/SILLA SECRETARIAL SSM E1.jpg',96),(129,'./img/sillas_oficina/sillas_oficina principal/SILLA SECRETARIAL SSM E2.jpg',96),(130,'./img/sillas_oficina/sillas_oficina principal/SILLA OPERATIVA SAM CBF E1.jpg',97),(131,'./img/sillas_oficina/sillas_oficina principal/SILLA OPERATIVA SAM CBF E2.jpg',97),(132,'./img/sillas_oficina/sillas_oficina principal/SILLA OPERATIVA SSVG E1.jpg',98),(133,'./img/sillas_oficina/sillas_oficina principal/SILLA OPERATIVA SSVG E2.jpg',98),(134,'./img/sillas_oficina/sillas_oficina principal/SILLA SECRETARIAL SAVG CBV E1.jpg',99),(135,'./img/sillas_oficina/sillas_oficina principal/SILLA SECRETARIAL SAVG CBV E2.jpg',99),(136,'./img/sillas_oficina/sillas_oficina principal/practica 2 400.jpg',100),(137,'./img/sillas_oficina/sillas_oficina principal/practica 1 400.jpg',100),(138,'./img/sillas_oficina/sillas_oficina principal/silla operativa sam.jpg',101),(139,'./img/sillas_oficina/sillas_oficina principal/silla operativa sam 2.jpg',101),(140,'./img/sillas_oficina/sillas_oficina principal/silla operativa sa-m cb 140.jpg',102),(142,'./img/sillas_oficina/sillas_oficina principal/silla de visita sa-m.png',103),(143,'./img/sillas_oficina/sillas_oficina principal/silla de visita sa-m 2.jpg',103),(144,'./img/sillas_oficina/sillas_oficina principal/silla secretarial ss-js.jpg',104),(145,'./img/sillas_oficina/sillas_oficina principal/silla secretarial ss-js 2.jpg',104),(146,'./img/sillas_oficina/sillas_oficina principal/silla secretarial ss js cb150.jpg',105),(148,'./img/sillas_oficina/sillas_oficina principal/ss-bot sin brazos.jpg',106),(149,'./img/sillas_oficina/sillas_oficina principal/ss-bot sin brazos 2.jpg',106),(150,'./img/sillas_oficina/sillas_oficina principal/silla bot-cb 38 2.jpg',107),(152,'./img/sillas_oficina/sillas_oficina principal/sa-us 1.jpg',108),(153,'./img/sillas_oficina/sillas_oficina principal/sa-us 2.jpg',108),(154,'./img/sillas_oficina/sillas_oficina principal/silla operativa sa us cb 70 1.jpg',109),(156,'./img/sillas_oficina/sillas_oficina principal/sa-tor 1.jpg',110),(157,'./img/sillas_oficina/sillas_oficina principal/sa-tor 2.jpg',110),(158,'./img/sillas_oficina/sillas_oficina principal/sa-tor cb 140 1.jpg',111),(160,'./img/sillas_oficina/sillas_oficina principal/silla sa-eu sin brazos 400 1.png',112),(161,'./img/sillas_oficina/sillas_oficina principal/silla sa-eu sin brazos 400 2.png',112),(162,'./img/sillas_oficina/sillas_oficina principal/sa-eu cb140n 1.jpg',113),(163,'./img/sillas_oficina/sillas_oficina principal/sa-eu cb140n 2.jpg',113),(164,'./img/sillas_oficina/sillas_oficina principal/silla ejecutiva se lux cb pa sc 1.jpg',114),(165,'./img/sillas_oficina/sillas_oficina principal/silla ejecutiva se lux cb pa sc 2.jpg',114),(166,'./img/sillas_oficina/sillas_oficina principal/silla ergonomica 1.jpg',115),(167,'./img/sillas_oficina/sillas_oficina principal/silla ejecutiva malla-2.jpg',115),(169,'./img/sillas_oficina/sillas_oficina principal/silla operativa sa-eur.jpg',116),(170,'./img/sillas_oficina/sillas_oficina principal/sa-eu-r cb140n1.jpg',117),(171,'./img/sillas_oficina/sillas_oficina principal/sa-eu-r cb140n2.jpg',117),(172,'./img/sillas_oficina/sillas_oficina principal/neon cb ajustable 1.jpg',118),(173,'./img/sillas_oficina/sillas_oficina principal/neon cb ajustable 2.jpg',118),(174,'./img/sillas_oficina/sillas_oficina principal/silla secretarial ss v cbm.jpg',119),(175,'./img/sillas_oficina/sillas_oficina principal/silla secretarial ss v cbm 2.jpg',119),(176,'./img/sillas_oficina/sillas_oficina principal/silla secretarial industrial.jpg',120),(177,'./img/sillas_oficina/sillas_oficina principal/silla secretarial industrial 2.jpg',120),(178,'./img/sillas_oficina/sillas_oficina principal/silla taburete.jpg',121),(179,'./img/sillas_oficina/sillas_oficina principal/taburete.jpg',121),(180,'./img/sillas_oficina/sillas_oficina principal/silla operativa sa-eu 1.jpg',122),(181,'./img/sillas_oficina/sillas_oficina principal/silla operativa sa-eu 2.jpg',122),(182,'./img/oficina/oficina principal/escritorio con lateral.jpg',147),(183,'./img/oficina/oficina principal/librero nogal con negro.jpg',148),(184,'./img/oficina/oficina principal/librero maple.png',149),(185,'./img/oficina/oficina principal/escritorio secretarial 120x60M.jpg',150),(186,'./img/oficina/oficina principal/escritorio secretarial 120x60M 2.jpg',150),(187,'./img/oficina/oficina principal/archivero vertical 4 gavetas.jpg',151),(188,'./img/oficina/oficina principal/escritorio bala con mesa lateral 1 450.png',152),(189,'./img/oficina/oficina principal/escritorio bala con mesa lateral 2 450.png',152),(190,'./img/oficina/oficina principal/archivero horizontal 2 gavetas.jpg',153),(191,'./img/oficina/oficina principal/archivero horizontal 2 gavetas 2.jpg',153),(192,'./img/oficina/oficina principal/modulo directivo.jpg',154),(193,'./img/oficina/oficina principal/modulo en U con escritorio.jpg',155),(194,'./img/oficina/oficina principal/modulo en U con escritorio bala.jpg',156),(195,'./img/oficina/oficina principal/mesa juntas rectangular.jpg',157),(196,'./img/oficina/oficina principal/mesa juntas circular.jpg',158),(197,'./img/oficina/oficina principal/escritorio para computadora.jpg',159),(198,'./img/oficina/oficina principal/modulo directivo.png',160),(199,'./img/oficina/oficina principal/escritorio secretarial con librero 120x60M.jpg',161),(200,'./img/cajero/cajero principal/banco cajero practica aro negro ok.jpg',123),(201,'./img/cajero/cajero principal/banco cajero practica aro negro 2 ok.jpg',123),(202,'./img/cajero/cajero principal/ss js ca cb70 1.jpg',124),(203,'./img/cajero/cajero principal/ss js ca cb 70 2.jpg',124),(204,'./img/cajero/cajero principal/banco cajero sam con aro cromado 1.jpg',125),(205,'./img/cajero/cajero principal/banco cajero sam con aro cromado 2.jpg',125),(206,'./img/cajero/cajero principal/ss mtb ca cb 70 1.jpg',126),(207,'./img/cajero/cajero principal/ss mtb ca cb 70 2.jpg',126),(208,'./img/cajero/cajero principal/ss pm ca 1.jpg',127),(209,'./img/cajero/cajero principal/ss pm ca 2.jpg',127),(210,'./img/cajero/cajero principal/ss pmc ca.jpg',128),(211,'./img/cajero/cajero principal/ss pmc ca 2.jpg',128),(212,'./img/ejecutivos/ejecutivos principal/sem1.jpg',162),(213,'./img/ejecutivos/ejecutivos principal/sem1bis.jpg',162),(214,'./img/ejecutivos/ejecutivos principal/sem1b.jpg',163),(215,'./img/ejecutivos/ejecutivos principal/sem1bbis.jpg',163),(216,'./img/ejecutivos/ejecutivos principal/sem1v.jpg',164),(217,'./img/ejecutivos/ejecutivos principal/sem1vbis.jpg',164),(218,'./img/ejecutivos/ejecutivos principal/sem2.jpg',165),(219,'./img/ejecutivos/ejecutivos principal/sem2bis.jpg',165),(220,'./img/ejecutivos/ejecutivos principal/sem2b.jpg',166),(221,'./img/ejecutivos/ejecutivos principal/sem2bbis.jpg',166),(222,'./img/ejecutivos/ejecutivos principal/sem2v.jpg',167),(223,'./img/ejecutivos/ejecutivos principal/sem2vbis.jpg',167),(224,'./img/ejecutivos/ejecutivos principal/sei-1.jpg',168),(225,'./img/ejecutivos/ejecutivos principal/sillon ejecutivo importado sei2.jpg',169),(226,'./img/ejecutivos/ejecutivos principal/sei-3a.jpg',170),(227,'./img/ejecutivos/ejecutivos principal/sei-3v.jpg',171),(228,'./img/ejecutivos/ejecutivos principal/sillon viena 1 ok.png',172),(229,'./img/ejecutivos/ejecutivos principal/sillon viena2 ok.png',172),(230,'./img/ejecutivos/ejecutivos principal/sei-5-2.jpg',173),(231,'./img/ejecutivos/ejecutivos principal/sei-5-3.jpg',173),(232,'./img/ejecutivos/ejecutivos principal/sei-5b.jpg',174),(233,'./img/ejecutivos/ejecutivos principal/sei-5v.jpg',175),(234,'./img/ejecutivos/ejecutivos principal/sillon days 1 ok.png',176),(235,'./img/ejecutivos/ejecutivos principal/sillon days 2 ok.png',176),(236,'./img/ejecutivos/ejecutivos principal/sei-7.jpg',177),(237,'./img/ejecutivos/ejecutivos principal/sei-8a 1.jpg',178),(238,'./img/ejecutivos/ejecutivos principal/sei-8a 2.jpg',178),(239,'./img/ejecutivos/ejecutivos principal/sillom1 ok.png',179),(240,'./img/ejecutivos/ejecutivos principal/sei-9.jpg',180),(241,'./img/ejecutivos/ejecutivos principal/sei-10a.jpg',181),(242,'./img/ejecutivos/ejecutivos principal/sei-10b.jpg',182),(243,'./img/ejecutivos/ejecutivos principal/sei-11c1.jpg',183),(244,'./img/ejecutivos/ejecutivos principal/sei-11c2.jpg',183),(245,'./img/ejecutivos/ejecutivos principal/sei-11.jpg',184),(246,'./img/ejecutivos/ejecutivos principal/Sillon sei12 450.png',185),(247,'./img/ejecutivos/ejecutivos principal/sillon terra gris 450 ok.png',186),(249,'./img/ejecutivos/ejecutivos principal/sillon terra gris 2 450 ok.png',187),(250,'./img/ejecutivos/ejecutivos principal/sillones sei 14 1.jpg',188),(252,'./img/ejecutivos/ejecutivos principal/sillones sei 14 2.jpg',189),(253,'./img/ejecutivos/ejecutivos principal/sillones sei 14 1.jpg',190),(254,'./img/espera/espera principal/br-t 2p.jpg',191),(255,'./img/espera/espera principal/br-t 3p.jpg',191),(256,'./img/espera/espera principal/banca de espera plastico nueva.png',129),(257,'./img/espera/espera principal/nueva banca de espera plastico2.png',129),(258,'./img/espera/espera principal/banca para vestidor reforzada.png',130),(259,'./img/espera/espera principal/dos bancas espera reforzada.png',130),(260,'./img/espera/espera principal/banca metalica cromada 2 plazas.jpg',131),(261,'./img/espera/espera principal/banca metalica cromada 3 plazas.jpg',132),(262,'./img/espera/espera principal/banca metalica cromada 4 plazas.jpg',133),(263,'./img/espera/espera principal/banca metalica reforzada 2 plazas.jpg',134),(264,'./img/espera/espera principal/banca metalica reforzada 3 plazas.jpg',135),(265,'./img/espera/espera principal/banca metalica reforzada 4 plazas.jpg',136),(266,'./img/espera/espera principal/banca tubular para vestidor1.jpg',137),(267,'./img/metalicos/metalicos principal/archiveros 4 gavetas metalicos.jpg',138),(268,'./img/metalicos/metalicos principal/archiveros 2 gavetas metalicos.jpg',138),(269,'./img/metalicos/metalicos principal/locker azul 4 puertas.jpg',139),(271,'./img/metalicos/metalicos principal/locker azul 4 puertas 2.jpg',140),(272,'./img/metalicos/metalicos principal/locker azul 4 puertas.jpg',141),(273,'./img/metalicos/metalicos principal/ANAQUELES NEGROS 1.jpg',142),(275,'./img/metalicos/metalicos principal/detalles de anaqueles negros.jpg',143),(276,'./img/metalicos/metalicos principal/ANAQUELES NEGROS 1.jpg',144),(277,'./img/metalicos/metalicos principal/gabinete negro 400 2.jpg',145),(278,'./img/metalicos/metalicos principal/gabinete negro 400 3.jpg',145),(279,'./img/metalicos/metalicos principal/gabinete metalico color gris 400 1 ok.jpg',146),(280,'./img/metalicos/metalicos principal/gabinete metalico color gris 400 2 ok.jpg',146),(281,'./img/plegables/plegables principal/estructuras.jpg',192),(282,'./img/plegables/plegables principal/tablones en varias medidas.jpg',193),(283,'./img/sillas_oficina/bases/base cromada.jpg',195),(284,'./img/sillas_oficina/bases/base nylon.jpg',196),(285,'./img/sillas_oficina/bases/deslizador.jpg',197),(286,'./img/sillas_oficina/bases/rueda.jpg',198),(287,'./img/cajero/aros/aro metalico.jpg',199),(288,'./img/cajero/aros/aro de nylon.jpg',200),(289,'./img/apilablesvisita/apilablesvisita principal/ap h cromo tela 1.jpg',201),(290,'./img/apilablesvisita/apilablesvisita principal/ap 1c vinil cromo 1.jpg',202),(291,'./img/apilablesvisita/apilablesvisita principal/silla de visita cromada.jpg',203),(292,'./img/sillas_oficina/sillas_oficina principal/silla operativa sa-m cb pf.jpg',204),(293,'./img/sillas_oficina/sillas_oficina principal/silla operativa sa-m cb 70.jpg',206),(294,'./img/sillas_oficina/sillas_oficina principal/silla operativa sa-m cb 150.jpg',207),(295,'./img/sillas_oficina/sillas_oficina principal/silla secretarial ss-js cb pf.jpg',208),(296,'./img/sillas_oficina/sillas_oficina principal/silla secretarial ss-js cb70.jpg',209),(297,'./img/sillas_oficina/sillas_oficina principal/silla secretarial ss-js cb140.jpg',210),(298,'./img/sillas_oficina/sillas_oficina principal/ss-bot con brazos pf.jpg',211),(299,'./img/sillas_oficina/sillas_oficina principal/ss-bot con brazos 70.jpg',212),(300,'./img/sillas_oficina/sillas_oficina principal/ss-bot con brazos 140.jpg',213),(301,'./img/sillas_oficina/sillas_oficina principal/sa-us cb pf 1.jpg',214),(302,'./img/sillas_oficina/sillas_oficina principal/sa-us cb140 1.jpg',215),(303,'./img/sillas_oficina/sillas_oficina principal/sa-us cb150 1.jpg',216);
/*!40000 ALTER TABLE `imagen` ENABLE KEYS */;
UNLOCK TABLES;

--
-- Table structure for table `modelos`
--

DROP TABLE IF EXISTS `modelos`;
/*!40101 SET @saved_cs_client     = @@character_set_client */;
/*!40101 SET character_set_client = utf8 */;
CREATE TABLE `modelos` (
  `idModelos` int(11) NOT NULL AUTO_INCREMENT,
  `Nombre` varchar(100) DEFAULT NULL,
  `Modelo` varchar(15) DEFAULT NULL,
  `Descripcion` varchar(5000) DEFAULT NULL,
  `Precio` double DEFAULT NULL,
  `fkProductos` int(11) DEFAULT NULL,
  PRIMARY KEY (`idModelos`),
  KEY `fkProductos` (`fkProductos`),
  CONSTRAINT `modelos_ibfk_1` FOREIGN KEY (`fkProductos`) REFERENCES `productos` (`idProductos`)
) ENGINE=InnoDB AUTO_INCREMENT=217 DEFAULT CHARSET=utf8;
/*!40101 SET character_set_client = @saved_cs_client */;

--
-- Dumping data for table `modelos`
--

LOCK TABLES `modelos` WRITE;
/*!40000 ALTER TABLE `modelos` DISABLE KEYS */;
INSERT INTO `modelos` VALUES (1,'SILLA PLEGABLE ACOJINADA','SP-T','Silla plegable acojinada. Ideal para reuniones familiares, para servicio en salones de fiestas o alquiler. Tapizada con vinil en color a elegir, sobre espuma de poliuretano (24 kg/m3). Estructura fabricada con tubo cuadrado de 3/4 de pulgada en calibre 20. Con 2 tipos de acabado: esmalte de pintura horneada en color negro o cromada. Con respaldo y asiento soportados con soleras transversales.',375,1),(2,'SILLA PLEGABLE DE PLASTICO POLIPROPILENO','SP-P','Silla plegable con asiento y respaldo de plastico polipropileno, es la mejor silla de su tipo. Su estructura es muy resistente, ya que es fabricada con tubo de acero calibre 16, ademas el plástico polipropileno es formulado con los mejores polímeros, por lo que garantizamos que no necesita refuerzos adicionales de ningun tipo, como ocurre generalmente con sillas plegables con plásticos de menor calidad.',240,2),(3,'JUEGO DE TABLÓN Y 10 SILLAS PLEGABLES',NULL,'La mejor opción para sus reuniones familiares. Tablón con estructura reforzada. Cubierta de fibra de vidrio y protegido con moldura de aluminio en el contorno. Medidas 2.36 x .75 x .75 de altura Este juego incluye 10 sillas plegables, con asiento y respaldo de plástico polipropileno en color negro, con la estructura de tubo redondo en el calibre más resistente (cal. 16). La mejor mesa y silla de su tipo en el mercado',3300,3),(4,'MESA PLEGABLE CUADRADA','MP-CD 75X75','Práctica mesa plegable cuadrada. De 75 x 75 cms. La cubierta es protegida en su perimetro con moldura de aluminio. La estructura es esmaltada en negro con pintura horneada. Hecha con tres tipos de cubiera: MDF (de 6 mm de espesor)',670,4),(5,'MESA PLEGABLE CUADRADA','MP-CD 75X75','Con triplay de pino (de 6 mm de espesor).',720,4),(6,'MESA PLEGABLE CUADRADA','MP-CD 75X75','Con fibra de vidrio (de 2.5 mm de espesor).',720,4),(7,'MESA O TABLÓN CUADRADO PLEGABLE','MP-CD 150','De 150 x 150 x 75 cms. Capacidad de hasta 12 personas. Hecha con tres cubiertas: MDF',1310,5),(8,'MESA O TABLÓN CUADRADO PLEGABLE','MP-CD 150','Triplay de pino',1480,5),(9,'MESA O TABLÓN CUADRADO PLEGABLE','MP-CD 150','Fibra de vidrio. También fabricamos mesas cuadradas de 165x165 cm y, de 180x180 cm (en pedido mínimo de 5 pzas) Por favor, solicite el presupuesto en estas medidas.',1470,5),(10,'TABLÓN RECTANGULAR PARA 10 PERSONAS (236X75cm)',NULL,'Con cubierta de triplay natural, recomendado para alquiladora y hogar.',1150,6),(11,'TABLÓN RECTANGULAR PARA 10 PERSONAS (236X75cm)',NULL,'Con cubierta de fibra de vidrio, resistente al sol y humedad (no es para intemperie, sin embargo, es muy resistente a condiciones climáticas) y es de fácil limpieza',1170,6),(12,'TABLÓN RECTANGULAR PARA 10 PERSONAS (236X75cm)',NULL,'Con cubierta de MDF, recomendado para alquiler',980,6),(13,'TABLÓN RECTANGULAR PLEGABLE','MP-R 2475','Tablón plegable rectangular para eventos, de 2.35 x .75 x .75 de altura, con sistema plegable semiautomático, y cubierta protegida en su perimetro con moldura de aluminio, estructura esmaltada en negro con pintura horneada. Con cubierta de fibra de de vidrio y estructura reforzada.',1200,6),(14,'TABLÓN HOTELERO','MP-R 2446','Tablón rectangular para eventos, de 2.36 x .46 x .75 de altura, con sistema plegable semiautomático, y cubierta protegida en su perimetro con moldura de aluminio. Estructura esmaltada en negro con pintura horneada. Hecha con tres cubiertas: MDF (de 6 mm de espesor)',870,7),(15,'TABLÓN HOTELERO','MP-R 2446','Con triplay de pino (de 6 mm de espesor).',930,7),(16,'TABLÓN HOTELERO','MP-R 2446','Con fibra de vidrio (de 2.5 mm de espesor).',1080,7),(17,'MEDIO TABLÓN','MP-R 1275','Esta mesa plegable tipo tablón es ideal como auxiliar para salón de fiestas, para cocina, o para cualquier evento gracias a su práctica medida de 1.20 x .75 x .75 de altura, con sistema plegable semiautómatico, y cubierta protegida en su perimetro con moldura de aluminio. La estructura es esmaltada en negro con pintura horneada. Hecha con tres cubiertas: MDF (de 6 mm de espesor)',780,8),(18,'MEDIO TABLÓN','MP-R 1275','Con triplay de pino (de 6 mm de espesor).',870,8),(19,'MEDIO TABLÓN','MP-R 1275','Con fibra de vidrio (de 2.5 mm de espesor).',890,8),(20,'MESA PLEGABLE CIRCULAR','MP-C 15','Mesa plegable circular para eventos, de 1.5 mts de diametro x .75 de altura, con sistema plegable.  semiautomático, y cubierta protegida en su perimetro con moldura de aluminio, estructura esmaltada en negro o gris con pintura horneada. Hecha con tres cubiertas: MDF (de 6 mm de espesor)',1100,9),(21,'MESA PLEGABLE CIRCULAR','MP-C 15','Con triplay de pino (de 6 mm de espesor).',1180,9),(22,'MESA PLEGABLE CIRCULAR','MP-C 15','Con fibra de vidrio (de 2.5 mm de espesor).',1300,9),(23,'MESA CUADRADA PLEGABLE','MP-CD 80X80','Mesa plegable reforzada, con cubierta cuadrada de 80 x 80 cms.<br>La cubierta es fabricada con melamina de 16 mm de espesor y es protegida en su perimetro con moldura de aluminio, y la estructura es fabricada en su totalidad con perfil cuadrado de 1 pulgada en calibre 18,  esmaltada en negro con pintura horneada.<br>El sistema plegable es individual en cada pata y, se fija por medio de tuerca tipo mariposa.',NULL,10),(24,'SILLA PLEGABLE METÁLICA','SP-M','Silla plegable metalica, fabricada en su estructura con tubo de 7/8 en cal. 20, y asiento y respaldo de lamina de acero, esmaltada en color gris con pintura horneada.',NULL,11),(25,'TABLÓN RECTANGULAR PLEGABLE','MP-R 1850','Mesa plegable rectangular infantil para eventos, de 180 x 50 cm. (disponible con altura de 56 cm y también en 75 cm), con sistema plegable semiautomatico y cubierta protegida en su perimetro con moldura de aluminio.<br>Estructura esmaltada en negro con pintura horneada. Hecha con tres cubiertas: MDF (de 6 mm de espesor)',770,12),(26,'TABLÓN RECTANGULAR PLEGABLE','MP-R 1850','Con triplay de pino (de 6 mm de espesor).',830,12),(27,'TABLÓN RECTANGULAR PLEGABLE','MP-R 1850','Con fibra de vidrio (de 2.5 mm de espesor).',920,12),(28,'SILLA PLEGABLE INFANTIL TAPIZADA','SP-T Infantil','Silla plegable acojinada, tapizada con vinil en color a elegir (amarillo, azul o rojo), sobre hule espuma y con estructura cromada o esmaltada en negro',280,13),(29,'SILLA PLEGABLE INFANTIL TAPIZADA','SP-T Infantil','O bien en tres colores combinados.',290,13),(30,'MESA CIRCULAR PLEGABLE','MP-C 75','Práctica mesa con cubierta circular abatible, de 75 cms de diámetro. La cubierta es protegida en su perímetro con moldura de aluminio,y la estructura es esmaltada en negro con pintura horneada. Hecha con tres cubiertas: MDF (de 6 mm de espesor)',595,14),(31,'MESA CIRCULAR PLEGABLE','MP-C 75','Con triplay de pino (de 6 mm de espesor).',640,14),(32,'MESA CIRCULAR PLEGABLE','MP-C 75','Con fibra de vidrio (de 2.5 mm de espesor).',650,14),(33,'MESA CIRCULAR PLEGABLE','MP-C 60','Práctica mesa con cubierta circular abatible, de 60 cms de diámetro. La cubierta es protegida en su perímetro con moldura de aluminio,y la estructura es esmaltada en negro con pintura horneada. Hecha con tres cubiertas: MDF (de 6 mm de espesor)',575,14),(34,'MESA CIRCULAR PLEGABLE','MP-C 60','Con triplay de pino (de 6 mm de espesor).',620,14),(35,'MESA CIRCULAR PLEGABLE','MP-C 60','Con fibra de vidrio (de 2.5 mm de espesor).',630,14),(36,'SILLA APILABLE DE RESPALDO ALTO PIRAMIDAL. TAPIZADA CON TELA','AP-2P','El diseño esta silla le permite apilar hasta 10 piezas, ocupando un espacio reducido. Es muy resistente ya que ocupamos para su elaboración tubo de 3/4 en cal. 18, Asimismo, puede ser tapizada con vinil o tela (pliana) en una amplia gama de colores, y la estructura puede ser cromada (como se observa en la ilustración) o esmaltada con pintura color negro.<br>Para la costura utilizamos hilo de nylon y el acojinamiento es de aglutinado de 80 kg y espuma de 24 kg, sobre un bastidor formado por: madera de pino y madera tablero osb',470,15),(37,'SILLA APILABLE DE RESPALDO ALTO PIRAMIDAL, TAPIZADA CON TELA','AP-2P R','Silla apilable de respaldo alto en forma piramidal, con estructura fabricada con tubo de acero redondo de 1 pulgada en calibre 18, esmaltada en color negro con pintura horneada. Puede ser tapizada con vinil o pliana en color a su elección.<br>Medidas generales (por silla): frente: 45 cms, fondo: 59 cms, altura: 96 cms<br>Medidas de asiento: frente: 39.5 cms, fondo: 38 cms',490,16),(38,'SILLA APILABLE H DE RESPALDO BAJO','AP-H','Silla de visita H, con amplia estructura fabricada con tubo de acero de 3/4 en cal. 18, es ideal para consultorios, salas de espera y visitas, El diseño esta silla le permite estibar mas de 10 sillas, ocupando un espacio reducido. Puede ser tapizada con vinil o tela (pliana) en una amplia gama de colores, y la estructura es esmaltada en negro (como se observa en la ilustración) Cuenta con acojinamiento de espuma de 24 kg/m3. ',490,17),(39,'SILLA APILABLE REFORZADA, FABRICADA PARA USO RUDO','AP-3C','Nuestra silla apilable reforzada esta hecha para un uso \"rudo\", ya que su estructura es fabricada con tubo cuadrado de 3/4\" en calibre 18, que la hace mas resistente que una estructura de perfil menor, es ideal para el comedor de su hogar o empresa.<br>El acojinamiento es muy durable por su base de espuma y aglutinado de 80 kg/m3, tapizada con vinil o pliana en color a elegir, y cuenta con una base de madera de pino (no aglomerado)',NULL,18),(40,'SILLA APILABLE PARA CONVENCIONES','AP-C','Este modelo de silla es conocida por nuestros clientes como la silla de \"Banamex\", ya que es muy común encontrarla en sus sucursales bancarias.<br>Nuestra silla apilable es fabricada con alambrón de acero macizo de 1/2 pulgada (cold rolled), lo que la hace sumamente resistente. Tradicionalmente ha sido utilizada para convenciones, sin embargo es muy recomendable para iglesias, bancos, y zonas de mucho trafico.<br>Su estructura está disponible con un acabado cromado, o esmaltado con pintura horneada.',790,19),(41,'SILLA APILABLE TAPIZADA CON TELA','AP-1C','Gracias a su diseño esta silla le permite apilar hasta 10 piezas, ocupando un espacio muy reducido. Es muy resistente ya que ocupamos para su elaboración tubo de 3/4 en cal. 18, Asimismo, puede ser tapizada con vinil o tela (pliana) en una amplia gama de colores, y la estructura puede ser cromada (como se observa en la ilustración) o esmaltada con pintura color negro.<br>Para la costura utilizamos hilo de nylon y el acojinamiento es de aglutinado de 80 kg y espuma de 24 kg, sobre un bastidor de madera de pino y tablero de madera osb',450,20),(42,'SILLA APILABLE EN CONCHA DE PLÁSTICO POLIPROPILENO','AP-CP','Nuestra silla apilable tiene como caracteristica el asiento y respaldo en una concha de plastico polipropileno que cuenta con multiples nervaduras para proporcionar una mayor durabilidad, la estructura es resistente ya que esta fabricada con tubo de acero redondo de 1\" en calibre 18. y es disponible con un acabado pintado en negro con pintura horneada (como se observa en la ilustración)',430,21),(43,'SILLA DE VISITA, APILABLE Y EXTRA REFORZADA','SV','Nuestra silla de visita reforzada, tiene algunos atributos que la hacen distinta al resto de modelos similares. El asiento y respaldo son en su interior, de madera termomoldeada (no plástico), además cuentan con un acojinamiento con espuma inyectado con una densidad mínina de 45 kg/m3 lo cual impide su deformacion a pesar del uso continuo.<br>La estructura es fabricada con tubo ovalado de 28x14 mm. en calibre 18 y cuentan además con un refuerzo adicional al interior de la estructura, lo que la hace aún más resistente, y es esmaltada en color negro con pintura horneada.<br>Utilizamos también soldadura de microalambre, misma que se aplica en ambos lados  (y a lo largo) de todos los puntos de ensamble de la estructura.',675,22),(44,'SILLA DE VISITA CON BRAZOS, APILABLE Y REFORZADA','SV-CB','Nuestra silla de visita cuenta con un asiento y respaldo, de madera termomoldeada (no plástico), además tiene un acojinamiento de espuma de poliuretano inyectado con densidad mínima de 45 kg/m3 lo que impide su deformacion a pesar del uso continuo.<br>La estructura cuenta con una extensión para descansar los brazos, es fabricada con tubo ovalado de 28x14 mm. en calibre 18 y cuentan además con un refuerzo adicional al interior de la estructura, lo que la hace aún más resistente. Es esmaltada en color negro con pintura horneada.',695,23),(45,'SILLA DE VISITA APILABLE','SV-STYLE','Silla para visitas. Apilable. Con estructura tubular de acero redondo de 1 pulgada en calibre 18. Pintada en color negro (pintura horneada). Su asiento y respaldo internos son de plástico polipropileno, así como la tapa externa del respaldo. Es acojinada con espuma de alta densidad (respaldo 24 kg/m3 y asiento de 35 kg/m3) y tapizada con tela o vinil en color a elegir. Su diseño permite apilar 6 sillas.',700,24),(46,'SILLA DE VISITA APILABLE, CON BRAZOS','SV-STYLE CB','Nuestra silla de visita, es fabricada con tubo redondo en calibre 18, con asiento y respaldo de plástico polipropileno. Su diseño permite estibar varias sillas en poco espacio, y es esmaltada en color negro con pintura horneada, además cuenta con apoyo para descansar los brazos que son fabricados con plástico polipropileno. El acojinamiento es de alta densidad (respaldo de 24 kg/m3 y asiento de 35 kg/m3) y es tapizada con vinil o tela (pliana) en color a elegir.',750,25),(47,'SILLA DE VISITA COMPACTA','SV-CH','Este modelo de silla para visita ha sido tradicionalmente fabricada con 2 refuerzos en la estructura, lo cual la hace muy resistente, ademas por el ancho de la misma (de apenas 40 cms) la convierten en una opción muy practica para espacios reducidos.<br>Sin embargo, si usted necesita que este modelo de silla pueda ser apilable, podemos no colocar estos refuerzos, o bien, se coloca solo un refuerzo en la parte posterior de la silla, muy cerca del asiento, y de esta manera la silla puede estibarse y sigue manteniendo mucha firmeza.',490,26),(48,'SILLA DE VISITA LAYER, APILABLE Y REFORZADA','SV-LAYER','Nuestra silla de visita layer, está fabricada con una estructura de tubo ovalado en calibre 18, con un refuerzo extra al interior de la estructura, además, el asiento y respaldo son de plástico polipropileno importados de moderno diseño, disponibles únicamente en color negro.',580,27),(49,'SILLA DE VISITA NOVAISO, APILABLE, REFORZADA','SV-P','El modelo de silla novaiso, cuenta con plásticos importados (disponibles en color negro o azul) que facilitan su limpieza, y la estructura cuenta con un refuerzo extra al interior, lo que la hace una buena opción para amueblar su area de capacitación o de espera.',440,28),(50,'SILLA AUXILIAR APILABLE','AP-PAOLA','Este modelo de silla es muy recomendable como auxiliar para eventos ocasionales de su empresa, ya que es ligera, muy comoda y resistente. Su peso y tamaño le permiten maniobrar con facilidad. Es disponible con estructura: cromada  y los plásticos son disponibles unicamente en color negro.',480,29),(51,'SILLA AUXILIAR APILABLE','AP-PAOLA','Esmaltada en color negro, y los plásticos disponibles únicamente en color negro.',420,29),(52,'SILLA DE VISITA, APILABLE','SV-M','Esta variación de nuestra silla de visita, se logra con un nuevo respaldo tapizado con malla, que aparte de cómoda, también proporciona una nueva imagen a su oficina. Colores disponibles en: rojo, azul, negro,<br>La estructura es fabricada con tubo ovalado de 28x14 mm. en calibre 18 y cuentan ademas con un refuerzo adicional al interior de la estructura, lo que la hace aún mas resistente, y es esmaltada en color negro con pintura horneada.',700,30),(53,'SILLA DE PLÁSTICO, REFORZADA, APILABLE, BLANCA, AMARILLA, NARANJA Y CAFÉ','ÓNIX','Silla apilable, fabricada con plástico de alta resistenciay disponible en varios colores.<br>Soporta hasta 140 kg de peso (estático) ',540,31),(54,'SILLA TIFANY DE PLÁSTICO, CON O SIN COJÍN PARA ASIENTO',NULL,'Silla Tifany, fabricada con resina plástica de alta resistencia. De una sola pieza (no armable). Sin cojín para asiento',595,32),(55,'SILLA TIFANY DE PLÁSTICO, CON O SIN COJÍN PARA ASIENTO',NULL,'Con cojín para asiento',695,32),(56,'SILLA ESCOLAR DE TRIPLAY CON FORMICA','SE-T','Nuestra silla escolar universitaria cuenta con una sólida estructura de tubo redondo de 1 pulgada en calibre 18, ademas las 3 piezas que la componen: el asiento, respaldo y paleta son de triplay con un recubrimiento de formica.<br>La formica le proporciona una excelente opción para ambientar sus aulas con distintos colores a su elección (ilustración en color nogal), tambien impide (en un mayor grado que el triplay natural) que este sea rayado, lo cual le da una mayor durabilidad y presencia al aula escolar.<br>Cuenta con parrilla portalibros de diseño concavo con refuerzos en los frentes, y tambien con un brazo rigido para soportar la paleta con 2 placas troqueladas de 1/8 de espesor.',685,33),(57,'SILLA ESCOLAR EN CONCHA DE PLÁSTICO POLIPROPILENO','SE-CP','Nuestra silla escolar tiene como caracteristica el asiento y respaldo en una concha de plastico polipropileno, que cuenta con multiples nervaduras para proporcionar una mayor durabilidad, la estructura es resistente ya que esta fabricada con tubo de acero redondo de 1\" en calibre 18. y es disponible con un acabado pintado en negro con pintura horneada (como se observa en la ilustración).<br>Ofrecemos la paleta con 2 tipos de acabado: triplay con barniz natural de 18 mm de espesor o bien, melamina de 16 mm de espesor en color negro con el canto protegido con moldura \"T\" de pvc',650,34),(58,'SILLA ESCOLAR CON PALETA, MODELO H','SE-H','Este tipo de silla es una buena opción para salas de capacitación, ya que al contar con acojinamiento proporciona un mayor confort para los usuarios. Usted puede elegir el tapiz que mas le sea conveniente: ya sea vinil o tela (pliana).<br>Cuenta con una parrilla portalibros (opcional), y le ofrecemos la paleta con 2 tipos de acabado: triplay de 18 mm recubierta de barniz natural, o bien, melamina color negro de 16 mm de espesor con el canto protegido con moldura  \"T\" de pvc.',700,35),(59,'SILLA ESCOLAR CON PALETA, EJECUTIVA','SE-E','Silla escolar tipo ejecutiva, que cuenta con una estructura muy solida, ya que esta fabricada con acero macizo de alambrón de 1/2 pulgada (cold rolled), la paleta es de triplay con barniz natural o de melamina color negro, y el asiento y respaldo son acojinados, tapizados con vinil o pliana en color a elegir.<br>Cuenta con una parrilla portalibros (opcional)',890,36),(60,'SILLA ESCOLAR SEMIEJECUTIVA, CON PALETA','SE-SE','Este tipo de silla es una buena opción para salas de capacitación, ya que al contar con acojinamiento proporciona un mayor confort para los usuarios. Usted puede elegir el tapiz que mas le sea conveniente: ya sea vinil o tela (pliana).<br>La estructura es fabricada con tubo de acero ovalado de 28x14 mm en calibre 18 y cuenta con una parrilla portalibros (opcional).<br>Ofrecemos la paleta con 2 tipos de acabado: triplay de 18 mm recubierta de barniz natural, o bien, melamina color negro de 16 mm de espesor con el canto protegido con moldura  \"T\" de pvc.',840,37),(61,'MESA ESCOLAR PARA COMPUTADORA',NULL,'Mesa de cómputo escolar, con cubierta y porta cpu de triplay de pino barnizada al natural, o melamina de 16 mm de espesor,  con el contorno protegido con moldura \"T\" de pvc, estructura fabricada con tubo de acero cuadrado de 1 pulgada en calibre 18, esmaltada en negro.<br>Cuenta con un portateclado importado con un útil cajón lapicero integrado.<br>Medidas: 120 cm frente x 60 cm fondo x 75 cm altura',1562,38),(62,'MESA ESCOLAR RECTANGULAR',NULL,'Mesa rectangular para sala de capacitación o aula escolar. Con estructura fabricada con tubo de acero cuadrado de 1 pulgada, esmaltada en negro.  La cubierta es fabricada con melamina de 16 mm de espesor en color a elegir, con el borde protegido con moldura tipo \"T\" de pvc.<br>Medidas: 120 cm x 60 cm x (altura variable de 55 a 75 cm , de acuerdo a sus necesidades) ',NULL,39),(63,'MESA ESCOLAR EN FORMA DE TRAPECIO',NULL,'Mesa escolar trapezoidal. Cubierta fabricada con melamina en color a elegir, fabricada en 16 mm de espesor con el contorno protegido con moldura \"T\" de pvc o bien, fabricada con triplay de 18 mm con barníz natural, la estructura es fabricada con tubo de acero cuadrado de 1 pulgada en calibre 18, esmaltada en negro.<br>Medidas: 120 cm frente x 60 cm fondo x (altura variable de 55 a 75 cm, de acuerdo a sus necesidades)',NULL,40),(64,'MESA ESCOLAR CUADRADA',NULL,'La mesa cuadrada escolar es usada generalmente para nivel pre-escolar, y por ello la altura  preestablecida es de 50 a 55 cm, sin embargo, puede ser fabricada a la altura que usted nos solicite.<br>La cubierta es fabricada con melamina de 16 mm de espesor con el canto protegido con moldura \"T\" de pvc, y la estructura es fabricada con tubo de acero cuadrado de 1\"<br>Medidas: 80 cm x 80 cm x (altura variable de 50 a 75 cm , de acuerdo a sus necesidades) ',NULL,41),(65,'MESA ESCOLAR BINARIA, PARA AULAS DE CAPACITACIÓN',NULL,'Mesa binaria, para salas de capacitación. Estructura fabricada con tubo de acero cuadrado de 1 pulgada, esmaltada en negro. La cubierta y papelera que son fabricadas con melamina de 16 mm de espesor en color a elegir, con el borde protegido con moldura tipo \"T\" de pvc.<br>Medidas: 120 cm x 50 cm x 75 cm de altura ',NULL,42),(66,'SILLA PARA COMEDOR ESMALTADA','SR-1','Silla para comedor con estructura esmaltada en color cafe o negro. La estructura es formada con tubo redondo de una pulgada en calibre 18. Es una silla reforzada y diseñada para uso \"rudo\".',590,43),(67,'MESA CUADRADA PARA 4 PERSONAS CROMADA','MC-4P','Nuestras mesas pueden ser fabricadas en la medida que mas se adapten a sus necesidades, la cubierta generalmente cuenta con un largo de  80 cms, la base es de 4 puntas y cuenta con niveladores de piso.',1400,43),(68,'SILLA PARA COMEDOR REFORZADA','STRONG','Silla para comedor con estructura esmaltada en color café o negro. La estructura es formada con tubo cuadrado de una pulgada en calibre 18. Es una silla reforzada y diseñada para uso \"rudo\".',635,44),(69,'MESA CUADRADA PARA 4 PERSONAS','MC-4P','Nuestras mesas pueden ser fabricadas en la medida que más se adapten a sus necesidades, generalmente la cubierta es fabricada con un largo de 80 cms, la base es de 4 puntas y cuenta con niveladores de piso.',1350,44),(70,'SILLA PARA COMEDOR CROMADA','SR-2','Silla para comedor con estructura cromada, cuenta con un respaldo muy comodo que lo forman 3 tubos ovalados transversales, el asiento mide 39 cm. de diametro. Este es un modelo diseñado para uso \"rudo\".',490,45),(71,'MESA CIRCULAR PARA 4 PERSONAS CROMADA','MC-4P','Nuestras mesas pueden ser fabricadas en la medida que mas se adapten a sus necesidades, la cubierta cuenta con un largo de 60 hasta 80 cms, la base es de 4 puntas y cuenta con niveladores de piso',1400,45),(72,'SILLA PARA COMEDOR CROMADA','SR-3','Silla para comedor con estructura cromada, cuenta con un respaldo que lo forman 3 tubos transversales, el asiento mide 36 cm. de diametro, es compacta y resistente.',430,46),(73,'MESA CIRCULAR PARA 4 PERSONAS ESMALTADA','MC-4P','Nuestras mesas pueden ser fabricadas en la medida que mas se adapten a sus necesidades, la cubierta generalmente cuenta con un largo de  80 cms, la base es de 4 puntas y cuenta con niveladores de piso.',1400,46),(74,'SILLA PARA COMEDOR CROMADA','SR-4','Silla para comedor con estructura cromada, cuenta con un amplio respaldo, que lo forman 3 soleras transversales, el asiento mide apenas 38 cm. de ancho por 36 cm de profundidad, que la hace compacta, ligera y resistente.',510,47),(75,'MESA CUADRADA PARA 4 PERSONAS CROMADA','MC-4P','Nuestras mesas pueden ser fabricadas en la medida que mas se adapten a sus necesidades, la cubierta generalmente cuenta con un largo de  80 cms, la base es de 4 puntas y cuenta con niveladores de piso.',1400,47),(76,'SILLA PARA COMEDOR ESMALTADA','SR-4','Silla para comedor con estructura esmaltada en negro, cuenta con un amplio respaldo, que lo forman 3 soleras transversales, el asiento mide apenas 38 cm. de ancho por 36 cm de profundidad, es compacta, ligera y resistente.',495,48),(77,'MESA CUADRADA PARA 4 PERSONAS ESMALTADA EN NEGRO','MC-4P','Nuestras mesas pueden ser fabricadas en la medida que mas se adapten a sus necesidades, la cubierta generalmente cuenta con un largo de  80 cms, la base es de 4 puntas y cuenta con niveladores de piso.',1400,48),(79,'MESA CUADRADA PARA 4 PERSONAS CON BASE DE DISCO','MCD-D','Mesa para 4 personas, con una cubierta cuadrada de hasta 80 x 80 cms, el contorno es protegido con moldura \"T\" de pvc negro, la altura es de 75 cms y la cubierta es en color a elegir (dentro de nuestra gama de colores)',NULL,49),(81,'MESA CIRCULAR PARA 4 PERSONAS CON BASE DE DISCO','MR-D','Mesa para 4 personas, con una cubierta circular de hasta 80 cms de diametro, el contorno es protegido con moldura \"T\" de pvc negro, la altura es de 75 cms y la cubierta es en color a elegir (dentro de nuestra gama de colores)',NULL,50),(82,'BANCO ALTO PARA BARRA','SB-3','Banco alto con respaldo tubular. El asiento es acojinado y tapizado con vinil o tela (pliana) sobre hule espuma, la estructura es cromada o esmaltada en color negro o aluminio, la altura del asiento es de 72 cms.',NULL,51),(83,'MESA CON CUBIERTA CIRCULAR Y ESTRUCTURA CROMADA','MC-4P','Mesa alta para cafetería, con cubierta circular de 60 cms de diametro, la cual es protegida con moldura \"T\" de pvc negro, cuenta con aro posapie, y niveladores de piso, la altura total es de 105 cms.',NULL,51),(84,'BANCO ALTO GIRATORIO','SB-3G','Banco alto con respaldo tubular, el asiento es acojinado y tapizado con vinil o tela (pliana) sobre hule espuma, la estructura es esmaltada en color negro, la altura del asiento es de 72 cms.',NULL,52),(85,'MESA CON CUBIERTA CIRCULAR Y ESTRUCTURA CROMADA','MC-4P','Mesa alta para cafetería, con cubierta circular de 60 cms de diametro, la cual es protegida con moldura \"T\" de pvc negro, cuenta con aro posapie, y niveladores de piso, la altura total es de 105 cms.',NULL,52),(86,'BANCO ALTO PARA BARRA','SB-I','Banco alto con respaldo y asiento acojinado, tapizados con vinil o tela (pliana) sobre hule espuma, la estructura es fabricada con tubo ovalado de 28x14 mm en calibre 18, cromada, la altura del asiento es de 75 cms.',NULL,53),(87,'MESA CON CUBIERTA CIRCULAR Y ESTRUCTURA CROMADA','MC-4P','Mesa alta para cafetería, con cubierta circular de 60 cms de diametro, la cual es protegida con moldura \"T\" de pvc negro, cuenta con aro posapie, y niveladores de piso, la altura total es de 105 cms.',NULL,53),(88,'BANCO ALTO IMPORTADO DE ALTURA AJUSTABLE','VALENCIA','Banco de moderno diseño y colores brillantes. Fabricados con fibra de vidrio y disponibles en color rojo, blanco, negro y plata.<br>Cuanta con una base metálica cromada, así como posapie y pistón de gas para ajuste de altura.<br>Altura máxima 77 cms<br>Altura mínima 55 cms<br>(éstas medidas son del piso al asiento)',NULL,54),(89,'BANCO ALTO PARA BARRA','SB-I','Banco alto con respaldo y asiento acojinado, tapizados con vinil o tela (pliana) sobre hule espuma. La estructura es fabricada con tubo ovalado de 28x14 mm en calibre 18, esmaltado en negro. La altura del asiento es de 75 cms.',NULL,55),(90,'MESA CON CUBIERTA CIRCULAR Y ESTRUCTURA CROMADA','MC-4P','Mesa alta para cafetería, con cubierta cuadrada de 60x60 cms. la cual es protegida con moldura \"T\" de pvc negro, cuenta con aro posapie, y niveladores de piso, la altura total es de 105 cms.',NULL,55),(91,'BANCO ALTO DE ALUMINIO','SB-AL','Banco alto metálico, importado, su estructura es armable y tiene una altura (al asiento) de 75 cms.<br>El aluminio tiene como caracteristica notable, una alta resistencia a la corrosión, así como su peso ligero y alta resistencia, lo cual lo hace una buena opción para su uso en exteriores.',NULL,56),(92,'MESA ALTA DE ALUMINIO','MR-4P-AL','Mesa alta para exterior, con cubierta circular de 60 cms de diametro. Cuenta con niveladores de piso, y tiene una altura de 110 cms.',NULL,56),(93,'BANCO ALTO','STRONG','Banco alto reforzado. La sólida estructura es fabricada con tubo cuadrado de una pulgada en calibre 18. Y es esmaltada en color negro o café con pintura horneada. Su asiento es tapizado con vinil de alta calidad y  acojinado con espuma de alta densidad (35 kg/m3)',NULL,57),(94,'MESA CON CUBIERTA DE CRISTAL Y ESTRUCTURA CROMADA','MC-4P C','Mesa alta, con cubierta circular de cristal, de 60 cms de diametro. Cuenta con aro posapie y niveladores de piso. La altura total es de 103 cms.',NULL,57),(95,'SILLA SECRETARIAL ECONÓMICA','SS-ECO','Silla secretarial económica, con asiento ajustable a la altura con pistón de aire.<br>Su asiento interno es de plástico y está acojinado con espuma de poliuretano de densidad media (24 kg/m3).<br>Es tapizada con tela (pliana) en una amplia variedad de colores.<br>Su base tipo estrella, soporta sin problemas el peso dinamico de personas de talla media (hasta un maximo de 80 kgs de peso).',715,58),(96,'SILLA SECRETARIAL ECONÓMICA','SS-M (E)','Silla tipo secretarial de respaldo medio (42 cm de alto x 43 de altura) y sin reclinamiento. Su asiento (47 cm de frente x 43 cm de profundidad) es tapizado con espuma de poliuretano de densidad media (24 kg/m3) y el respaldo con espuma de 20kg/m3. La Altura es ajustable con pistón de aire. La base es de nylón para carga media (soporta hasta 80 kg de peso dinamico)',990,59),(97,'SILLA SECRETARIAL ECONÓMICA','SA-M CBF(E)','Silla tipo secretarial de respaldo medio (42 cm de alto x 43 de altura) y con reclinamiento. Su asiento es tapizado con espuma de poliuretano de densidad media (24 kg/m3) y el respaldo con espuma de 20kg/m3. La Altura es ajustable con pistón de aire. La base es de nylón para carga media (soporta hasta 80 kg de peso dinamico)',1155,60),(98,'SILLA SECRETARIAL ECONÓMICA','SS-VG (E)','Silla tipo secretarial de respaldo alto (52 cm de alto x 43 de ancho) y sin reclinamiento. Su asiento (47 cm de frente x 43 cm de profundidad) es tapizado con espuma de poliuretano de densidad media (24 kg/m3) y el respaldo con espuma de 20kg/m3. La Altura es ajustable con pistón de aire. La base es de nylón para carga media (soporta hasta 80 kg de peso dinamico)',1010,61),(99,'SILLA SECRETARIAL RECLINABLE','SS-VG CBV(E)','Silla tipo secretarial de respaldo medio (42 cm de alto x 43 de altura) y con reclinamiento. Su asiento es tapizado con espuma de poliuretano de densidad media (24 kg/m3) y el respaldo con espuma de 20kg/m3. La Altura es ajustable con pistón de aire. La base es de nylón para carga media (soporta hasta 80 kg de peso dinamico)',1180,62),(100,'SILLA SECRETARIAL PRÁCTICA','SS-PRACTICA','Práctica silla secretarial, es ideal para espacios reducidos y para personas de talla chica, ya que originalmente ha sido diseñada para niños, sin embargo, por su resistencia puede ser usada por adultos durante  espacios de tiempo moderados. El respaldo es pequeño y ofrece un soporte \"basico\" en la parte baja de la espalda.<br>Su asiento de madera, es ajustable a la altura con pistón y su base es de nylon de 5 puntas (para carga pesada y con garantía de por vida) con ruedas de desplazamiento, su asiento y respaldo son acojinados con espuma de poliuretano de alta densidad (respaldo de 24 kg/m3 y asiento de 35 kg/m3) y son tapizados con vinil o tela (pliana) en color a elegir.<br>Es importante indicarle que el \"soporte\" que une al asiento y respaldo es tubular en calibre 16, y cuenta con sujetador metálico, lo cual la hace sumamente resistente.',990,63),(101,'SILLA SECRETARIAL RECLINABLE','SA-M','Una silla de tipo secretarial aumenta enormemente sus beneficios al disponer con un sistema de reclinamiento en su respaldo. El mecanismo utilizado para esta silla le permite mantener un contacto continuo con la espalda y asímismo, (con su palanca de bloqueo), fijarlo en la posición que considere más adecuada. Esta silla tiene un respaldo más amplio (con respecto a nuestro modelo SS-JS) y obviamente aumenta la superficie de contacto, principalmente con la espalda media. Como todas nuestras sillas para oficina, cuenta con asiento anatómico, con ajuste de altura y base reforzada (que soporta los 1,000 kg de presión antes de su ruptura).<br>Esta silla es recomendable para personas que dedican muchas horas de trabajo en escritorio o computadora.',1300,64),(102,'SILLA SECRETARIAL RECLINABLE CON DESCANSA-BRAZOS','SA-M CB 140','Nuestro modelo de silla secretarial con descansa brazos, es una silla para largas horas de trabajo, su asiento anatomico, el tamaño de su respaldo (41cm x 39cm de altura), su reclinamiento, y los distintos modelos de descansa brazos disponibles, la hacen una silla muy versatil, que permíte al usuario modificar continuamente su postura, relajandola.',1510,65),(103,'SILLA PARA VISITA CON BASE METÁLICA TIPO TRINEO','SA-MV','Este modelo silla de visita, cuenta con una base metálica tipo trineo, esmaltada en color negro y fabricada en un calibre muy resistente<br>su asiento y respaldo son acojinados con espuma de poliuretano de alta densidad (respaldo de 24 kg/m3 y asiento anatómicamente moldeado, superior a 40 kg/m3)<br>Cuenta con un sólido mecanismo fijo (sin reclinamiento).<br>Utilizamos para el tapiz, tela (pliana) en una amplia variedad de colores.',1500,66),(104,'SILLA SECRETARIAL GIRATORIA SS-JS','SS-JS','Este modelo de silla secretarial, es una de las mejores opciones para silla de oficina, por las siguientes razones:<br>Su respaldo tiene su superficie de contacto con la espalda media, su asiento es anatómicamente moldeado, y tiene un acojinamiento inyectado de alta densidad. Cuenta con una base de nylon (para carga pesada) de 24 pulgadas de diametro con ruedas de desplazamiento.<br>Es importante considerar que mayor densidad significa mayor durabilidad, es decir que, el acojinamiento perderá su resistencia en un lapso mucho mayor de tiempo.<br>Cuenta con un mecanismo \"fijo\" (sin reclinamiento), muy sólido, así como pistón de aire para ajuste de altura. Utilizamos para el tapiz, tela (pliana) en una amplia variedad de colores.',1250,67),(105,'SILLA SECRETARIAL GIRATORIA CON DESCANSA BRAZOS','SS-JS CB 150','Este modelo de silla secretarial con descansa-brazos 150, es una de las mejores opciones para silla de oficina, por las siguientes caracteristicas:<br>Su base es de nylon (para carga pesada) de 24 pulgadas de diametro, y cuenta con ruedas de desplazamiento.<br>Su asiento y respaldo son acojinados con espuma de poliuretano de alta densidad (respaldo de 24 kg/m3 y asiento anatomicamente moldeado superior a 40 kg/m3).<br>El respaldo soporta la parte media de la espalda y cuenta con un mecanismo \"fijo\" (sin reclinamiento), muy sólido, así como pistón para ajuste de altura. Las \"coderas\" (descansa brazos) son muy importantes y los recomendamos ampliamente para disminuir la tensión de los hombros. Usted puede ver las distintas opciones de \"coderas\" fijas o ajustables. Por ultimo, le ofrecemos una amplia variedad de colores para tapizar sus sillas',1450,68),(106,'SILLA SECRETARIAL TRADICIONAL','SS-BOT','Este modelo de silla para oficina, ofrece en su respaldo, un diseño anatómico que permite tener un amplio contacto con la zona lumbar (espalda baja). Es una silla económica, pero muy resistente, que cuenta con asiento ajustable a la altura con pistón de aire, su base (o estrella) es de nylon de 5 brazos (para carga pesada) con ruedas de desplazamiento.<br>Su asiento y respaldo son acojinados con espuma de poliuretano de alta densidad (un respaldo con espuma de 24 kg ofrece excelente confort para la espalda, no asi el asiento, que debe tener una densidad mayor, ya que sobre el recaé la mayor parte de nuestro peso, por lo tanto, utilizamos espuma de bloque con una densidad minima de 35 kg/m3 o bien, espuma inyectada y anatómicamente moldeada con una densidad mayor a los 45 kg/m3). Ambos son tapizados con tela (pliana) en color a elegir.<br>Es importante indicarle que el \"soporte\" que une al asiento y respaldo es tubular en calibre 16, y cuenta con sujetador metálico, lo cual la hace sumamente resistente ',1300,69),(107,'SILLA SECRETARIAL TRADICIONAL CON DESCANSA BRAZOS (OPCIONALES)','SS-BOT CB 38','La caracteristica principal de esta silla secretarial es su respaldo de diseño anatomico. Que proporciona un excelente soporte a la espalda baja. Este soporte varía de acuerdo a la aestaura del usuario, sin embargo para una persona de talla media (+/- 70 kg y altura de 1.70 mt) puede sentir el soporte y contacto constante.<br>Cuenta con asiento ajustable a la altura con pistón de aire. La base es de nylon de 5 puntas (para carga pesada)  y tiene ruedas de desplazamiento. Su asiento y respaldo son acojinados con espuma de poliuretano de alta densidad (respaldo de 24 kg/m3 y asiento de 45 kg/m3) y son tapizados con tela (pliana) en color a elegir.<br>Las \"coderas\" o descansa brazos disminuyen la fatiga en los hombros, por lo tanto, siempre que le sea posible, solicite que su silla cuente con este accesorio.<br>Ponemos a su disposición esta silla con varios modelos de descansa-brazos, fijos o ajustables.',1440,70),(108,'SILLA PARA OFICINA CON SOPORTE LUMBAR','SA-US','Este modelo de silla, tiene como principal caracteristica la forma de su respaldo. Su diseño proporciona un contacto permanente con la zona lumbar. Esta no es una silla ortopédica, sin embargo el diseño de su respaldo \"forza\" al usuario a mantener una postura más adecuada. Asimismo, cuenta con reclinamiento que puede ser fijado en la posición deseada.<br>Cuenta con pistón para ajustar la altura, y su base es de nylon de 5 puntas (para carga pesada) con ruedas de desplazamiento. Acojinamos el asiento y respaldo con espuma de poliuretano de alta densidad (respaldo de 24 kg/m3 y asiento superior a 45 kg/m3) y son tapizados con tela (pliana) en color a elegir.',1400,71),(109,'SILLA PARA OFICINA, RECLINABLE Y CON DESCANSA BRAZOS','SA-US CB 70','Una silla para oficina que cuente con soporte en la espalda baja y con descansa brazos incluidos, beneficia la postura y disminuye la fatiga de los hombros. Esta silla, además le permite regular el reclinamiento del respaldo y ajustar la altura del asiento.<br>Su base es de nylon de 5 puntas (para carga pesada) y ruedas de desplazamiento.<br>Su asiento y respaldo son acojinados con espuma de poliuretano de alta densidad (respaldo de 24 kg/m3 y asiento mayor a 40 kg/m3) y son tapizados con tela (pliana) en color a elegir.',1540,72),(110,'SILLA PARA OFICINA RECLINABLE','DESC','Los diversos ajustes: reclinamiento del respaldo, ajuste de altura (por pistón) y un asiento anatómicamente moldeado, le proporciona la comodidad que busca en una silla para oficina. Cuenta con una base de nylon de 5 puntas (para carga pesada) y ruedas de desplazamiento, su asiento y respaldo son acojinados con espuma de poliuretano de alta densidad (respaldo de 24 kg/m3 y asiento superior a 40 kg/m3) y son tapizados con tela (pliana) en color a elegir.',NULL,73),(111,'SILLA OPERATIVA RECLINABLE CON CODERAS','DESC','En la actualidad, una silla para oficina debe contar con 3 elementos basicos: reclinamiento del respaldo, ajuste de altura y coderas o descansa brazos. El reclinamiento libre (y fijación a la posición deseada) permite al usuario liberar la tensión acumulada por permanecer sentado en una misma posición por largos periodos de tiempo. Asimismo, los descansa brazos disminuyen la fatiga de los hombros. Por otro lado, un asiento con ajuste de altura permitirá (independientemente de su estatura) mantener las piernas del usuario en un ángulo ideal de 90°',NULL,74),(112,'SILLA OPERATIVA RECLINABLE','SA-EU','Silla operativa, con asiento ajustable a la altura con pistón de gas. La base es de nylon de 5 puntas (para carga pesada) con ruedas de desplazamiento.<br>El respaldo es amplio y cuenta con un diseño que brinda soporte extra a la espalda baja (zona lumbar), su asiento y respaldo son acojinados con espuma de alta densidad y tapizados con tela (pliana) en color a elegir.<br>Cuenta con un sistema reclinable, que permite fijar el respaldo a la posición deseada.',1430,75),(113,'SILLA PARA OFICINA, RECLINABLE CON CODERAS','SA-EU CB140N','Esta silla para oficina es, sin duda, el modelo más aceptado por nuestros clientes, por las siguientes razones:<br>1. Cuenta con un respaldo muy amplio (44 cm x 50 de altura) de diseño anatómico, que sigue el contorno natural de la espalda, y que mantiene una postura recta.<br>2. acojinamiento, con espuma de poliuretano de 24 kg proporciona la firmeza adecuada.<br>3. reclinamiento permite fijar en la posición deseada<br>4. asiento de tamaño ideal para la mayoria de los usuarios (46 cm de ancho por 44 de profundidad) y es acojinado con espuma de poliuretano inyectado y anatómicamente moldeado (con densidad superior a los 45 kgs/m3).<br>5. base tipo estrella de 5 brazos, prácticamente irrompible, ya que soporta hasta 1,000 kg de presión antes de su ruptura.<br>6. Ponemos a su disposición mas de 40 colores de tela (pliana), sin costo extra.<br>7. con descansa brazos o coderas (opcionales) que disminuyen la tensión en los hombros, cuello y espalda.<br>Siempre que sea posible, considere que su silla cuente con ese accesorio (si desea adquirir este modelo de silla sin  descansa brazos, también puede solicitar el ajuste de precio)<br>Nuestras sillas para oficina son cómodas, durables y de bajo precio. Nos sentimos seguros de ofrecerlas a usted como su mejor opción.',1610,76),(114,'SILLA ERGONÓMICA CON RESPALDO TAPIZADO CON MALLA','SA-LUX CC CB PA','Silla ejecutiva con asiento acojinado con espuma de poliuretano inyectado. Cuenta con un amplio respaldo (reclinable) tapizado con malla y tiene además, un soporte lumbar (acojinado y ajustable). Los descansa brazos son de altura ajustable. La base es de nylon de 5 puntas (para carga pesada) con ruedas de desplazamiento',2180,77),(115,'SILLA ERGONÓMICA CON RESPALDO TAPIZADO CON MALLA Y CABECERA','SA-LUX CB PA','Silla ejecutiva con asiento acojinado con espuma de poliuretano inyectado. Cuenta con un amplio respaldo (reclinable) tapizado con malla y tiene además, un soporte lumbar (acojinado y ajustable). Los descansa brazos son de altura también ajustable. La base es de nylon de 5 puntas (para carga pesada) con ruedas de desplazamiento',2350,78),(116,'SILLA PARA OFICINA, RECLINABLE Y CON RIÑONERAS','SA-EU-R','Esta silla para oficina tiene como particularidad, que su respaldo es el más amplio que podemos ofrecerle: 44 cm de ancho por 50 de altura. Además de su diseño (formado por 3 capas de espuma sobrepuestas), es una de las sillas preferidas por nuestros clientes, ya que encuentran en este diseño el soporte que requieren en esa zona particular de la espalda.<br>Como la mayoria de nuestras sillas, cuenta con:<br>-Un asiento anatómico acojinado con espuma inyectada, con una densidad mayor a los 40 kg/m3<br>-Base de 5 puntas (la mas resistente del mercado, que soporta una presión de 1,000 kg antes de su ruptura) y que la hace practicamente irrompible.<br>-Sistema reclinable, que permite fijar el respaldo en la inclinación deseada<br>-Pistón para ajuste de altura.<br>Es esta una de las sillas más solicitadas por nuestros clientes, por su tamaño, comodidad y funcionalidad.',1500,79),(117,'SILLA OPERATIVA RECLINABLE CON DESCANSA BRAZOS','SA-EU-R CB 140N','Los distintos descansa brazos (coderas) que ponemos a su disposición, disminuyen el cansancio de los hombros, cuello y espalda. Son el complemento ideal para nuestra silla con riñoneras, que cuenta además, con reclinamiento y ajuste de altura en el asiento, mediante un piston de aire. La base es de nylon de 5 puntas (para carga pesada) y cuenta con ruedas duales de desplazamiento.',1680,80),(118,'SILLA OPERATIVA CON RESPALDO TAPIZADO CON MALLA','SA-NEON CB A','Esta silla secretarial, tiene como particularidad un respaldo (reclinable) tapizado con malla que sustituye el tradicional acojinamiento de espuma de poliuretano, proporcionando un contacto más suave con la espalda. El color de la malla es disponible en color: negro, azul y rojo.<br>El asiento es ajustable a la altura con pistón de gas, su base es de nylon de 5 puntas (para carga pesada) y ruedas de desplazamiento<br>Sus descansa brazos son de suave tacto (recubrimiento de poliuretano) y son de altura ajustable (desplazamiento de 8 cm)',1865,81),(119,'SILLA SECRETARIAL \"V\" (con descansa brazos metálicos)','SS-V CBM','Silla secretarial, con asiento ajustable a la altura con pistón de gas. La base es de nylon de 5 puntas (para carga pesada) con ruedas de desplazamiento. Asiento y respaldo acojinados con espuma de poliuretano de alta densidad (respaldo de 24 kg/m3 y asiento de 35 kg/m3) sobre base de madera termo-moldeada (no plástico). Tapizados con tela (pliana) o vinil en color a elegir.',1180,82),(120,'SILLA SECRETARIAL INDUSTRIAL','SS-PM C','\"Silla secretarial reforzada, con asiento ajustable a la altura con pistón de gas. La base es de nylon de 5 puntas (para carga pesada) y ruedas de desplazamiento. El asiento y respaldo son importados, fabricados con poliuretano negro inyectado y con recubrimiento plástificado que permite una fácil limpieza y alta durabilidad. Es importante indicar que el \"soporte\" que une al asiento y respaldo es tubular en calibre 16, y cuenta con sujetador metálico, que la hace muy resistente.',NULL,83),(121,'SILLA TIPO TABURETE','SS-TAB','Banco o silla tipo taburete, con asiento circular de 37 cms de diametro. Giratorio.  Con pistón para ajuste de altura y ruedas de desplazamiento. La base es de nylon de 5 puntas (para carga pesada) y su asiento es acojinado con espuma de poliuretano de alta densidad (35 kg/m3) y es tapizado con vinil (imagen izquierda) o tela (imagen derecha) en color a elegir.',790,84),(122,'SILLA OPERATIVA RECLINABLE','SA-EU-I','Silla operativa, con asiento ajustable a la altura con pistón de gas, su base es de nylon de 5 puntas (para carga pesada) y ruedas de desplazamiento.<br>El respaldo es amplio y cuenta con un diseño que brinda soporte extra a la espalda baja (zona lumbar), su asiento y respaldo son acojinados con espuma de poliuretano inyectados, de alta densidad y son tapizados con tela (pliana) en color a elegir.<br>Cuenta con un sistema reclinable, que permite fijar el respaldo a la posición deseada.',1500,141),(123,'BANCO TIPO CAJERO','SS-PRACTICA-CA','Banco cajero, con asiento de madera, acojinado con espuma y tapizado con tela o vinil. Ajustable a la altura con pistón de aire. Su base es de nylon de 5 puntas (para carga pesada) y tiene ruedas de desplazamiento.<br>Es importante indicarle que el \"soporte\" que une al asiento y respaldo es tubular (calibre 16), y cuenta con sujetador metálico, lo cual la hace sumamente resistente. Disponible con aro posapie cromado metálico o de nylon.',1290,99),(124,'BANCO TIPO CAJERO CON DESCANSA-BRAZOS','SS-JS-CA CB70','Banco cajero, con amplio asiento ajustable a la altura con pistón de aire. Su base es de nylon de 5 puntas (para carga pesada) con ruedas de desplazamiento. Su asiento y respaldo son acojinados con espuma de poliuretano de alta densidad (respaldo de 24 kg/m3 y asiento de 45 kg/m3), y son tapizados con tela (pliana) en color a elegir.<br>Además, cuenta con descansa opcionales (ilustración con brazos 70) y aro posapié metálico cromado.',1740,100),(125,'BANCO TIPO CAJERO','SA-M CA','Banco tipo cajero, de respaldo reclinable y con amplio asiento ajustable a la altura con pistón de gas, su base es de nylon de 5 puntas (para carga pesada) y ruedas de desplazamiento, su asiento y respaldo son acojinados con espuma de poliuretano de alta densidad (respaldo de 24 kg/m3 y asiento de 45 kg/m3) y son tapizados con tela (pliana) en color a elegir, cuenta con arillo posapié metálico cromado o de plástico (nylon)',1650,101),(126,'BANCO TIPO CAJERO CON DESCANSA-BRAZOS','SS-MTB-CA CB70','Banco cajero, con amplio asiento ajustable a la altura con pistón de aire. Su base es de nylon de 5 puntas (para carga pesada) con ruedas de desplazamiento, su asiento y respaldo son acojinados con espuma de poliuretano de alta densidad (respaldo de 24 kg/m3 y asiento de 45 kg/m3) y son tapizados con tela (pliana) en color a elegir. Cuenta con arillo posapié metálico cromado. (Los descansa-brazos de la ilustración son opcionales)',1750,102),(127,'BANCO TIPO INDUSTRIAL','SS-PM-CA','Banco alto para industria, con amplio asiento ajustable a la altura con pistón. Su base es de nylon de 5 puntas (para carga pesada) y ruedas de desplazamiento, su asiento y respaldo son importados, fabricados con poliuretano negro inyectado y con un recubrimiento plastificado que permite una fácil limpieza, y alta durabilidad. Cuenta con aro posapie de nylon',1910,103),(128,'BANCO ALTO  PARA INDUSTRIA O LABORATORIO','SS-PMC-CA','Banco alto para industria o laboratorio, con asiento circular, ajustable a la altura con pistón de gas, su base es de nylon de 5 puntas (para carga pesada) y ruedas de desplazamiento. Su asiento es importado fabricado con poliuretano negro inyectado, y tiene además un recubrimiento plastificado para permitír una fácil limpieza.',1190,104),(129,'BANCA DE ESPERA EN CONCHA DE PLÁSTICO','SS-JS-CA CB70','Banca de espera para 2, 3 y 4 personas, con asiento y respaldo en una concha de plástico polipropileno, con estructura de tubo de acero rectangular de 2 1/2 pulgadas X 1 1/4 en calibre 18, esmaltada en negro con pintura horneada. La concha de plástico cuenta con multiples nervaduras, lo cual la hace muy resistente.<br>Tamaños:<br>2 plazas (largo de 109 cms)<br>3 plazas (largo de 164 cms)<br>4 plazas (con pata intermedia y largo de 218 cms)',NULL,132),(130,'BANCA METÁLICA PARA VESTIDOR','BM-VR','Banca metálica para vestidor, fabricada con tubo de acero cuadrado de 1\" 1/2 x 1 1/2 (38 mm x 38 mm) y asiento (5 barras) de 2 1/4 x 3/4 (57 mm. x 19 mm) en calibre 18, esmaltada en color negro o gris (pintura horneada).<br>Es importante indicar, que no es una banca para intemperie, y tampoco debe estar en condiciones de humedad extrema, vapor o contacto directo con el agua. Es una banca que perfectamente puede ser usada, por ejemplo, en instalaciones deportivas o gimnasios, donde las condiciones de humedad son moderadas y tolerables por el recubrimiento.<br>Medidas disponibles:<br>largo 120/150/180 cm.<br>profundidad 40 cm.<br>alto 43 cm.',NULL,133),(131,'BANCA DE ESPERA METÁLICA DE 2 ASIENTOS','BR-CR 2P','Banca de espera para 2 personas. El asiento y respaldo son de una sola pieza, fabricados con lámina de acero perforado y esmaltado en color gris. El contorno del asiento, los brazos y patas son de acero cromado. Los asientos son soportados sobre un travesaño rectangular de 3 x 1 1/2 pulgadas. Cuentan además, con niveladores de piso. (largo total: 120 cms)',2790,134),(132,'BANCA DE ESPERA METÁLICA DE 3 ASIENTOS','BR-CR 3P','Banca de espera para 3 personas. El asiento y respaldo son de una sola pieza, fabricados con lámina de acero perforado y esmaltado en color gris. El contorno del asiento, los brazos y patas son de acero cromado. Los asientos son soportados sobre un travesaño rectangular de 3 x 1 1/2 pulgadas. Cuentan además, con niveladores de piso. (largo total: 180 cms)',3690,134),(133,'BANCA DE ESPERA METÁLICA DE 4 ASIENTOS','BR-CR 4P','Banca de espera para 4 personas. El asiento y respaldo son de una sola pieza, fabricados con lámina de acero perforado y esmaltado en color gris. El contorno del asiento, los brazos y patas son de acero cromado. Los asientos son soportados sobre un travesaño rectangular de 3 x 1 1/2 pulgadas. Cuentan además, con niveladores de piso. (largo total: 240 cms)',4430,134),(134,'BANCA DE ESPERA METÁLICA DE 2 ASIENTOS','BR-MR 4P','Banca de espera para 2 personas, con asiento y respaldo de lámina de acero perforado de una sola pieza, las patas laterales cuentan con niveladores de piso y se unen a un travesaño fabricado con lámina troquelada triangular de 10 x 10 x 16 cms . (largo de 118 cms)',3200,135),(135,'BANCA DE ESPERA METÁLICA DE 3 ASIENTOS','BR-MR 4P','Banca de espera para 3 personas, con asiento y respaldo de lámina de acero perforado de una sola pieza, las patas laterales, y cuentan con niveladores de piso y se unen a un travesaño fabricado con lámina troquelada triangular de 10 x 10 x 16 cms (largo de 175 cms)',4210,135),(136,'BANCA DE ESPERA METÁLICA DE 4 ASIENTOS','BR-MR 4P','Banca de espera para 4 personas, con asiento y respaldo de lámina de acero perforado, de una sola pieza, las patas laterales cuentan con niveladores de piso y se unen a un travesaño fabricado con lámina troquelada triangular de 10 x 10 x 16 cms (largo de 232 cms)',5370,135),(137,'BANCA METÁLICA PARA VESTIDOR','BM-V','Banca metálica para vestidor, fabricada con tubo de acero redondo de 1\" 1/4 (32 mm) en calibre 18, esmaltada en color negro o gris (pintura horneada) incluye niveladores de piso.<br>Es importante indicar, que no es una banca para intemperie, y tampoco debe estar en condiciones de humedad extrema, vapor o contacto directo con agua. Es una banca que perfectamente puede ser usada, por ejemplo, en instalaciones deportivas o gimnasios, donde las condiciones de humedad son moderadas y tolerables por el esmalte que lo recubre.<br>Medidas: 208 x 40 (45cms de altura)',NULL,136),(138,'ARCHIVERO PARA USO CONTINUO','ARM-2 Y 4 G','Archivero vertical de uso comercial, cuenta con chasís metálico reforzado, correderas para carga pesada, y que permiten la apertura total del cajón. Cuenta además con botón de acción positiva, jaladeras metálicas y porta etiquetas, así como compresor interno de folders.<br>Acepta documentos tamaño oficio y tiene rieles para folder colgante. Disponible en color negro, gris y arena<br>Medidas archivero de 2 gavetas:<br>frente 45.7-fondo 63.5-altura 72.4 cm<br>Medidas archivero de 4 gavetas:<br>frente 45.7-fondo 63.5-altura 132.5',NULL,137),(139,'CASILLERO METÁLICO CON CHAPA DOS PUERTAS',NULL,'Su mejor opción en casilleros, ya que cuentan con un sólido chasis en calibre 24, y varios colores a elegir (pintura horneada).<br>Está disponible en 1, 2, 3 ,4 y 5 puertas (cada una con chapa y 2 llaves) -porta candados y jaladeras metálicas.<br>Disponibles en color: amarillo, azul, rojo, gris, negro.<br>Medidas:<br>frente 35 cm - fondo 40 cm - altura 180 cm',1680,138),(140,'CASILLERO METÁLICO CON CHAPA TRES PUERTAS',NULL,'Su mejor opción en casilleros, ya que cuentan con un sólido chasis en calibre 24, y varios colores a elegir (pintura horneada).<br>Está disponible en 1, 2, 3 ,4 y 5 puertas (cada una con chapa y 2 llaves) -porta candados y jaladeras metálicas.<br>Disponibles en color: amarillo, azul, rojo, gris, negro.<br>Medidas:<br>frente 35 cm - fondo 40 cm - altura 180 cm',1840,138),(141,'CASILLERO METÁLICO CON CHAPA CUATRO PUERTAS',NULL,'Su mejor opción en casilleros, ya que cuentan con un sólido chasis en calibre 24, y varios colores a elegir (pintura horneada).<br>Está disponible en 1, 2, 3 ,4 y 5 puertas (cada una con chapa y 2 llaves) -porta candados y jaladeras metálicas.<br>Disponibles en color: amarillo, azul, rojo, gris, negro.<br>Medidas:<br>frente 35 cm - fondo 40 cm - altura 180 cm',2000,138),(142,'ANAQUELES DE CARGA MEDIA (90x30 cm 6 charolas)',NULL,'-Postes calibre 14<br>-Las Charolas son limpias de filos metálicos. Cuenta cada una con 16 tornillos  de sujección, y es fabricada en calibre 24 y tiene además, refuerzo interno.<br>-Disponible en varias medidas y colores (pintura horneada)<br>-Usted puede elegir la cantidad de charolas necesarias<br>-Altura de 220 cms (con 29 niveles para colocar cada charola)<br>-La capacidad de carga de cada nivel es, en promedio:<br>100 kg (90x30 cm)<br>90 kg (90x45 cm)<br>80 kg (90x60 cm)<br>(Peso distribuido uniformemente)',2200,139),(143,'ANAQUELES DE CARGA MEDIA (90x45 cm 6 charolas)',NULL,'-Postes calibre 14<br>-Las Charolas son limpias de filos metálicos. Cuenta cada una con 16 tornillos  de sujección, y es fabricada en calibre 24 y tiene además, refuerzo interno.<br>-Disponible en varias medidas y colores (pintura horneada)<br>-Usted puede elegir la cantidad de charolas necesarias<br>-Altura de 220 cms (con 29 niveles para colocar cada charola)<br>-La capacidad de carga de cada nivel es, en promedio:<br>100 kg (90x30 cm)<br>90 kg (90x45 cm)<br>80 kg (90x60 cm)<br>(Peso distribuido uniformemente)',2400,139),(144,'ANAQUELES DE CARGA MEDIA (90x60 cm 6 charolas)',NULL,'-Postes calibre 14<br>-Las Charolas son limpias de filos metálicos. Cuenta cada una con 16 tornillos  de sujección, y es fabricada en calibre 24 y tiene además, refuerzo interno.<br>-Disponible en varias medidas y colores (pintura horneada)<br>-Usted puede elegir la cantidad de charolas necesarias<br>-Altura de 220 cms (con 29 niveles para colocar cada charola)<br>-La capacidad de carga de cada nivel es, en promedio:<br>100 kg (90x30 cm)<br>90 kg (90x45 cm)<br>80 kg (90x60 cm)<br>(Peso distribuido uniformemente)',2600,139),(145,'GABINETE O ESTANTE METÁLICO CON CHAPA',NULL,'Cuenta con 5 espacios (4 entrepaños fijos), las puertas son abatibles y cuentan con cerradura general. El calibre de la lámina es 24.<br>Disponibles en los siguientes colores:Negro-Blanco-Gris-Arena<br>Medidas:<br>frente 90 cm - fondo 50 cm - alto 180 cm',3695,140),(146,'GABINETE O ESTANTE METÁLICO CON CHAPA',NULL,'Cuenta con 4 entrepaños fijos, las puertas son abatibles y cuentan con cerradura general. El calibre de la lámina es 26.<br>Disponibles en color gris o negro:<br>Medidas:frente 76 cm - fondo 37 cm - alto 168 cm',NULL,142),(147,'ESCRITORIO SECRETARIAL CON MESA LATERAL','ESC 15M ML 80M','Escritorio secretarial (con un pedestal de cajon papelero y archivo en tamaño oficio) de 150x60 cm) con cerradura<br>Mesa lateral para empotrar a escritorio (también con cajones y cerradura).<br>Los cajones de archivo cuentan con correderas de extensión que permite la apertura total del cajón y además es para carga pesada.<br>Son fabricados con Panel Art de 28 mm. (cubiertas y costados) y de 16 mm. (faldones y cajones). Puede ser fabricado totalmente en un solo color o combinado: cubierta y frente de cajones en un color y el resto en negro.<br>Medidas disponibles:<br>Escritorio frente 150 cm - fondo 75 cm - alto 75 cm<br>Mesa lateral frente 80 cm - fondo 45 cm - alto 75 cm',NULL,85),(148,'LIBREROS DE PISO','LIB 75 F','Librero de piso, con entrepaños fijos o ajustables, y disponibles en la medida que usted requiera.<br>Pueden ser fabricado en un solo color o  combinado: con entrepaños de un color y el resto en negro (incluso, algún otro color).<br>Son fabricados con Panel Art de 28 mm de espesor<br>Este librero puede ser fabricado en 16 mm de espesor, que es más económico. Medidas: frente: 75 cm - fondo 35 cm - alto 180 cm ',NULL,86),(149,'LIBREROS DE PISO','LIB 90 A','Librero de piso, con entrepaños fijos o ajustables, y disponibles en la medida que usted requiera.<br>Pueden ser fabricado en un solo color o  combinado: con entrepaños de un color y el resto en negro (incluso, algún otro color).<br>Son fabricados con Panel Art de 28 mm de espesor<br>Este librero puede ser fabricado en 16 mm de espesor, que es más económico. Medidas: frente: 90 cm - fondo 35 cm - alto 180 cm',NULL,86),(150,'ESCRITORIO SECRETARIAL CON CAJONES','ESC 12 M','Escritorio secretarial con un pedestal de cajón papelero y archivo en tamaño oficio, con cerradura. Las correderas son para carga pesada. el contorno de la cubierta es protegido con moldura \"T\" de pvc.<br>Disponible en 2 medidas:<br>Frente 120 cm - fondo 60 cm - alto 75 cm<br>Frente 120 cm - fondo 75 cm - alto 75 cm<br>Puede ser fabricado en un solo color o combinado: cubierta y frente de cajones en un color y el resto en negro.<br>Nota:<br>Nuestros escritorios generalmente tienen los cajones fijos al lado derecho (como se observa en la fotografía de la derecha). Si usted necesita que estos cajones se fijen del lado izquierdo, necesitará indicarlo.<br>Si por alguna razón, no puede determinar ésta ubicación, entonces, le sugerimos adquirir un escritorio sin cajones (mesa de trabajo), y por separado, adquirir una cajonera móvil.',NULL,87),(151,'ARCHIVERO VERTICAL DE 4 GAVETAS','ARV 4G','Archivero de 4 cajones en tamaño oficio, con cerradura general.<br>Cuenta con rieles de plastico para colocar folders colgantes (no cuenta con compresor de carpetas).<br>Las correderas son de extension, para carga pesada.<br>Puede ser fabricado en un solo color o combinado: cubiertas, frente de cajones en un color y el resto en negro.<br>Medidas: frente 52 cm - fondo 60 cm - alto 135 cm',NULL,88),(152,'ESCRITORIO TIPO BALA CON MESA LATERAL',NULL,'Escritorio secretarial tipo bala, con mesa lateral empotrable, y que cuenta además, con un pedestal de cajón papelero y archivo en tamaño oficio, con cerradura. Las correderas son para carga pesada. El contorno de la cubierta es protegido con moldura \"T\" de pvc.<br>Puede ser fabricado en un solo color o combinado: cubierta y frente de cajones en color wengue y el resto en gris.<br>Medidas:<br>Escritorio Bala: Frente 150 cm - fondo 60 cm - alto 75 cm<br>Mesa lateral: Frente 100 cm - fondo 45 cm - alto 75 cm',NULL,89),(153,'ARCHIVERO HORIZONTAL DE 2 GAVETAS','ARH 2 G','Archivero de 2 cajones o gavetas, cada una cuenta con correderas para carga pesada y canaleta plástica para colocar folders colgantes, cuenta con cerradura general. El contorno de la cubierta es protegido con moldura \"T\" de pvc.<br>Puede ser fabricado en un solo color o combinado: cubierta y frente de cajones en un color y el resto en negro.<br>Medidas disponibles:<br>2 gavetas frente 80 cm - fondo 50 cm - alto 68 cm<br>3 gavetas frente 80 cm - fondo 50 cm - alto 100 cm<br>4 gavetas frente 80 cm - fondo 50 cm - alto 132 cm',NULL,90),(154,'MÓDULO DIRECTIVO, Formado por:',NULL,'Escritorio:<br>Con 1 o 2 pedestales, a cada extremo (cada uno cuenta con cajon papelero y cajon de archivo en tamaño oficio) <br>Medidas: frente 165 - fondo 75 - alto 75<br>Credenza:<br>con 2 pedestales, uno a cada extremo (cada uno cuenta con cajon papelero y cajon de archivo en tamaño oficio) con puertas deslizables al centro<br>Medidas: frente 165 - fondo 45 - alto 75<br>Librero:<br>Para sobreponer a escritorio, con entrepaños fijos<br>Medidas: frente 165 - fondo 35 - alto 110<br>Puede ser fabricado en un solo color o combinado: cubierta y frente de cajones en un color y el resto en negro.',NULL,92),(155,'MÓDULO GERENCIAL, Formado por:',NULL,'Escritorio con 1 pedestal: (con cajón papelero y cajón de archivo en tamaño oficio)<br>frente (3 medidas)  150 / 165 / 180 cms<br>fondo 75 cm - alto 75 cm<br>Puente unión con perforacion pasacables y porta-teclado deslizable:<br>frente de 80 a 100 cm - fondo 45 cm<br>Credenza con 1 pedestal, (con cajón papelero y cajón de archivo en tamaño oficio) con entrepaño a todo lo largo:<br>frente (3 medidas) 150 / 165 / 180 cm<br>fondo 45 cm - alto 75 cm<br>Librero para sobreponer a escritorio, con entrepaños fijos:<br>frente (3 medidas) 150 / 165 / 180 cm<br>fondo 35 cm - alto 110 cm<br>Puede ser fabricado en un solo color o combinado: cubierta y frente de cajones en un color y el resto en negro.',NULL,93),(156,'MÓDULO EJECUTIVO, Formado por:',NULL,'Escritorio tipo peninsula, (sin cajones)<br>frente (3 medidas)  150 / 165 / 180 cms<br>fondo 75 cm - alto 75 cm<br>Puente unión con perforacion pasacables y porta teclado deslizable.<br>frente de 80 a 100 cm - fondo 45 cm<br>Credenza con 1 pedestal, (con cajon papelero y cajon de archivo en tamaño oficio)<br>frente (3 medidas) 150 / 165 / 180 cm<br>fondo 45 cm - alto 75 cm<br>Librero para sobreponer a escritorio, con 4 puertas abatibles<br>frente (3 medidas) 150 / 165 / 180 cm<br>fondo 35 cm - alto 90 cm<br>Puede ser fabricado en un solo color o combinado: cubierta y frente de cajones en un color y el resto en negro.',NULL,94),(157,'MESA RECTANGULAR PARA SALA DE JUNTAS','MJ 24 R','Mesa rectangular para sala juntas. Fabricada con PanelArt de 28 mm de espesor en color a elegir. Con el perimetro de la cubierta protegido con chapacinta vinilica o moldura tipo \"T\" de pvc.<br>Puede ser fabricado en un solo color o combinado: cubiertas en un color y la base en negro (u otro color).<br>Medidas:<br>Largo 240 cm - ancho (100 a 120 cms) - alto 75 cm',NULL,95),(158,'MESA PARA SALA DE JUNTAS CON CUBIERTA CIRCULAR','MJ 12 C','Mesa de juntas para 4 personas, la cubierta es protegida con moldura \"T\" de pvc, y es fabricada con Panel Art de 28 mm de espesor, la base es en forma de cruceta<br>Puede ser fabricada en un solo color o combinado: cubierta en un color y el resto en negro.<br>Medidas:<br>Diámetro 120 cm - alto 75 cm',NULL,96),(159,'ESCRITORIO ESTUDIANTIL PARA COMPUTADORA',NULL,'Cuenta con todo lo necesario para su trabajo en computadora, ya sea laptop o de escritorio.<br>*Repiza para monitor<br>*torre para accesorios e impresora<br>*amplio portateclado (61 cms)<br>*entrepaño bajo, a todo lo largo para colocar gabinete (CPU) y/o libros<br>*cajón papelero con chapa y juego de llaves<br>Medidas:<br>Frente 120 cm - fondo 60 cm - alto (total) 125 cm<br>La cubierta principal y las patas laterales, son fabricadas con Panel Art de 28 mm de espesor, el resto del mueble es fabricado con Panel Art de 16 mm. Disponible en color a elegir (imagen en color caoba).',NULL,97),(160,'MÓDULO EJECUTIVO CERRADO, Formado por:',NULL,'Escritorio recto, (con cajones)<br>frente (3 medidas)  150 cm / 165 cm / 180 cms<br>fondo (60 cm) x alto (75 cm)<br>Puente unión con perforacion pasacables y porta teclado deslizable.<br>frente (80 a 100 cm) x fondo (45 cm)<br>Credenza con 1 pedestal, (con cajon papelero y cajon de archivo en tamaño oficio)<br>frente (3 medidas) 150 cm / 165 cm / 180 cm<br>fondo (45 cm) x alto (75 cm)<br>Librero para sobreponer a escritorio, con 4 puertas abatibles<br>frente (3 medidas) 150 cm / 165 cm/ 180 cm<br>fondo (85 cm)  x alto (110 cm)<br>Puede ser fabricado en un solo color o combinado.',NULL,98),(161,'ESCRITORIO SECRETARIAL CON LIBRERO','ESC-12M LIBSP12','Escritorio secretarial con un pedestal de cajon papelero y archivo en tamaño oficio. Con cerradura. Fabricado (cubierta y costados) con Panel Art de 28 mm de espesor.<br>Librero abierto para sobreponer a escritorio, fabricado totalmente con Panel Art de 16 mm de espesor.<br>Puede ser fabricado en un solo color o combinado: cubiertas, frente de cajones y entrepaños en un color y el resto en negro (o en otro color)<br>Medidas disponibles:<br>Escritorio: frente 120 cm - fondo 60 cm - alto 75 cm<br>Librero: frente 115 cm - fondo 30 cm - alto 90 cm',NULL,91),(162,'SILLÓN EJECUTIVO DE RESPALDO ALTO','SEM 1','Nuestros sillones ejecutivos son amplios, comodos y resistentes, cuentan con ajuste de altura por medio de pistón, y además, es reclinable. La base es de 26 pulgadas y es fabricada con nylon reforzado, para carga pesada. La espuma de poliuretano utilizado para su acojinamiento es de alta densidad (asiento de 35 kg/m3 y respaldo de 24 kg/m3)<br>Por último, usted puede elegir el color de tela (pliana) de su agrado.',2165,105),(163,'SILLÓN EJECUTIVO DE RESPALDO BAJO','SE-MB','Nuestros sillones ejecutivos son amplios, cómodos y resistentes, cuentan con ajuste de altura por medio de pistón, y es reclinable, la base es de 26 pulgadas y es fabricada con nylon reforzado, para carga pesada, y la espuma de poliuretano utilizado para su acojinamiento es de alta densidad (asiento de 35 kg/m3 y respaldo de 24 kg/m3<br>Por ultimo, usted puede elegir el color de tela (pliana) que más le agrade.',2065,106),(164,'SILLÓN EJECUTIVO PARA VISITAS, DE RESPALDO BAJO','SE-MV','Sillón ejecutivo, el cual cuenta con una base tipo trineo muy resistente, ya que es fabricada con tubo de acero calibre 14.<br>Este sillón es ideal para sus visitas, o bien, para sala de juntas.',2065,107),(165,'SILLÓN EJECUTIVO DE RESPALDO ALTO','SEM 2','Nuestros sillones ejecutivos son amplios, comodos y resistentes, cuentan con ajuste de altura por medio de pistón, y además, es reclinable. La base es de 26 pulgadas y es fabricada con nylon reforzado, para carga pesada. La espuma de poliuretano utilizado para su acojinamiento es de alta densidad (asiento de 35 kg/m3 y respaldo de 24 kg/m3)<br>Por último, usted puede elegir el color de tela (pliana) de su agrado.',2345,108),(166,'SILLÓN EJECUTIVO DE RESPALDO BAJO','SEM B2','Nuestros sillones ejecutivos son amplios, cómodos y resistentes, cuentan con ajuste de altura por medio de piston, y es reclinable, la base es de 26 pulgadas y es fabricada con nylon reforzado, para carga pesada, y la espuma de poliuretano utilizado para su acojinamiento es de alta densidad.<br>Por último, usted puede elegir el color de tela (pliana) de su agrado.',2065,109),(167,'SILLÓN EJECUTIVO PARA VISITAS, DE RESPALDO BAJO','SEM V2','Elegancia y comodidad para sus visitas, con nuestro sillón ejecutivo, el cual cuenta con una base tipo trineo muy resistente, ya que es fabricada con tubo de acero calibre 14.<br>Este sillón es ideal para sus visitas, o bien, para sala de juntas.',2065,110),(168,'SILLÓN EJECUTIVO IMPORTADO','SEI-1','Sillón ejecutivo de gran calidad y moderno diseño, su base es metálica, cromada, y cuenta con pistón de elevación con acabado cromado, el asiento es tapizado con piel autentica y el respaldo es tapizado con tela, sus descansa brazos son de plastico negro con soporte metálico, y ajustables a la altura.',3660,111),(169,'SILLÓN EJECUTIVO ECONÓMICO','SEI-2','Sillón ejecutivo importado. Su asiento y respaldo son tapizados con piel. Cuenta con mecanismo de reclinamiento, y ajuste de altura por medio de pistón.<br>Recomendable para usuarios de talla media (aprox. 80 kgs de peso)<br>Disponible también en versión económica tapizado con vinil. Solicíte su precio',2050,112),(170,'SILLÓN TIPO EJECUTIVO','SEI-3A','Sillón ejecutivo importado de alta calidad, su asiento y respaldo lo conforma un cuero sintético perforado, montado sobre una sólida estructura metálica elegantemente cromada. Las coderas (descansa-brazos) son también metálicas con incrustación de plástico rígido.<br>La base es metálica cromada, con ruedas de desplazamiento, cuenta con mecanismo de reclinamiento, y ajuste de altura por medio de pistón.',2990,113),(171,'SILLA EJECUTIVA PARA VISITAS','SEI-3V','Esta silla para visitas es ideal para su sala de juntas, o bien para atender a sus visitantes directamente en su oficina, gracias a su elegante y moderno diseño.<br>Su asiento y respaldo lo conforma un cuero sintético perforado, montado sobre una sólida estructura metálica elegantemente cromada. Las coderas (descansa-brazos) son también metálicas con incrustación de plástico rígido.<br>La base tipo trineo, es fabricada con tubo calibre 14, que la hace sumamente resistente.',2920,114),(172,'SILLÓN EJECUTIVO RECLINABLE, CON RESPALDO DE MALLA','SEI-4C','Sillón ejecutivo ergonómico. Con asiento tapizado con tela sobre hule espuma. Respaldo reclinable tapizado con malla (cuenta con soporte lumbar). Cuenta con descansa brazos (ajustables a la altura) y cabecera.<br>Cuenta con sistema reclinable y de bloqueo, así como ajuste de altura con pistón de aire.<br>(Disponible también sin cabecera)',2950,115),(173,'SILLÓN EJECUTIVO DE RESPALDO ALTO','SEI-5A','Sillón ejecutivo importado, con asiento y respaldo tapizados con material sintético similar a la piel, de alta calidad y muy suave al tacto, montados sobre una sólida estructura metálica elegantemente cromada, cuenta además, con sistema reclinable y de bloqueo, así como ajuste de altura con pistón de gas. Las coderas (descansa brazos) son metálicos con funda vinílica.<br>Los colores disponibles para este sillón son: negro, rojo y beige',2950,116),(174,'SILLÓN EJECUTIVO IMPORTADO DE RESPALDO BAJO','SEI-5B','Sillón ejecutivo importado, con asiento y respaldo tapizados con material sintético similar a la piel, de alta calidad y muy suave al tacto, montados sobre una sólida estructura metálica elegantemente cromada, cuenta además con sistema reclinable y de bloqueo, así como ajuste de altura con pistón de gas, las coderas (descansa brazos) son metálicos recubiertos con funda vinílica.<br>Los colores disponibles para este sillón son: negro, rojo y beige.',2850,117),(175,'SILLA TIPO EJECUTIVA PARA VISITA','SEI-5V','Silla para visita o sala de juntas, con asiento y respaldo tapizados con material sintético similar a la piel, de alta calidad, y muy suave al tacto, montados sobre una sólida estructura metálica elegantemente cromada, las coderas (descansa brazos) son metálicos con funda vinilica.<br>Los colores disponibles para este sillón son: negro, rojo y arena.',2650,118),(176,'SILLÓN EJECUTIVO ERGONÓMICO, DE RESPALDO ALTO','SEI-6','Sillón ejecutivo, con asiento y respaldo tapizados con piel de alta calidad y muy suave al tacto, cuenta con mecanismo reclinable de 2 palancas, que permiten reclinar y fijar en la posición deseada (3 posiciones), así como ajustar la altura mediante pistón. Las coderas (descansa brazos) son de metal cromado, recubiertos de plástico color negro.',4450,119),(177,'SILLÓN EJECUTIVO DE RESPALDO BAJO','DESC','Sillón ejecutivo, con asiento y respaldo tapizados con material sintético similar a la piel, de alta calidad y muy suave al tacto, el acojinamiento es de alta densidad, que lo hace un sillón muy cómodo, cuenta también con sistema reclinable y de bloqueo, así como ajuste de altura con pistón de gas, y las coderas (descansa brazos) son ajustables a la altura.',NULL,120),(178,'SILLÓN EJECUTIVO DE RESPALDO ALTO','SEI-8A','Sillón ejecutivo importado, con asiento y respaldo tapizados con piel, (unicamente las partes frontales de asiento y respaldol). Es un sillón económico de excelente calidad, que cuenta con ajuste de altura por medio de pistón de gas, y el acojinamiento es también de excelente densidad.',2400,121),(179,'SILLÓN EJECUTIVO PARA VISITAS, DE RESPALDO BAJO','SEI-8V','Sillón ejecutivo para visitas, con asiento y respaldo tapizados con curpiel (material sintético similar a la piel) cuenta con coderas (descansa brazos) y una base metálica tipo trineo, cromada o esmaltada en negro.',1990,122),(180,'SILLÓN EJECUTIVO RECLINABLE, DE RESPALDO BAJO','DESC','Sillón ejecutivo, con asiento y respaldo tapizados con piel auténtica (solo en el frente de asiento y respaldo, el resto es tapizado material sintético). Cuenta con sistema reclinable y de bloqueo, así como ajuste de altura con pistón de gas, las coderas (descansa brazos) son métal con recubrimiento plástico, y la base es metálica (aluminio)',NULL,123),(181,'SILLÓN EJECUTIVO TAPIZADO CON PIEL, DE RESPALDO ALTO','SEI-10A','Sillón ejecutivo tapizado con genuina piel en color negro. Es muy resistente ya que es tapizado sobre un casco de madera de una sola pieza. Las coderas (descansa brazos) son metálicos. Cuenta con sistema reclinable y de bloqueo, así como ajuste de altura con pistón de gas, y la base es metálica cromada',3990,124),(182,'SILLÓN EJECUTIVO DE PIEL, DE RESPALDO BAJO','SEI-10B','Sillón ejecutivo tapizado con genuina piel en color negro. Es muy resistente, ya que es tapizado sobre un casco de madera de una sola pieza. Las coderas (descansa brazos) son metalicos. Cuenta con sistema reclinable y de bloqueo, así como ajuste de altura con pistón de gas, y la base es metálica con acabado cromado.',3790,125),(183,'SILLÓN EJECUTIVO DE RESPALDO ALTO','SEI-11C','Sillón ejecutivo importado, con asiento tapizado con vinipiel de gran calidad, que permite la transpiración natural del cuerpo. El respaldo es de malla con soporte lumbar ajustable, ambos sobre una sólida estructura metálica cromada.<br>Cuenta con sistema reclinable y de bloqueo, así como ajuste de altura por medio de pistón de gas; su base es giratoria de nylon reforzado y es elegantemente recubierta con metal cromado, los brazos cuentan con un ligero ajuste en su altura, y cuenta también con cabecera ajustable a la altura.',4490,126),(184,'SILLÓN EJECUTIVO DE RESPALDO ALTO (sin cabecera)','SEI-11','Sillón ejecutivo importado, con asiento tapizado con vinipiel de gran calidad, que permite la transpiración natural del cuerpo, el respaldo es de malla con soporte lumbar ajustable; ambos sobre una sólida estructura metálica cromada.<br>Cuenta con sistema reclinable y de bloqueo, asi como ajuste de altura por medio de pistón de gas, su base es giratoria, de nylon reforzado y es elegantemente recubierta con metal cromado. Los brazos cuentan con un ligero ajuste en su altura y profundidad.',4250,127),(185,'SILLA EJECUTIVA DE DISEÑO MODERNO','SEI-12','Silla ejecutiva importada. Respaldo de malla. Con mecanimo basculante (reclinable). Altura ajustable con pistón de gas. Su base es giratoria, fabricada con nylon reforzado.<br>También disponible con cabecera. Por favor, solicíte el precio.',2200,128),(186,'SILLA EJECUTIVA RECLINABLE, CON RESPALDO DE MALLA, color gris claro','SEI-13','Silla ejecutiva importada, de diseño moderno. El asiento es tapizado con tela y acojinado con espuma de poliuretano. El respaldo es tapizado con malla color negro. Cuenta con palancas que regulan: la posición del reclinamiento  del respaldo y la altura del asiento.<br>Cuenta con: descansa brazos (ajustables) y cabecera<br>La base es de 5 brazos, fabricada con aluminio.<br>Es disponible en 2 colores: gris claro (como se observa en la ilustración) o negro.',4990,129),(187,'SILLA EJECUTIVA RECLINABLE, CON RESPALDO DE MALLA, color negro','SEI-13','Silla ejecutiva importada, de diseño moderno. El asiento es tapizado con tela y acojinado con espuma de poliuretano. El respaldo es tapizado con malla color negro. Cuenta con palancas que regulan: la posición del reclinamiento  del respaldo y la altura del asiento.<br>Cuenta con: descansa brazos (ajustables) y cabecera<br>La base es de 5 brazos, fabricada con aluminio.<br>Es disponible en 2 colores: gris claro (como se observa en la ilustración) o negro.',4200,129),(188,'SILLONES EJECUTIVOS CON RESPALDO DE MALLA','SEI-14 VISITA','Silla ejecutiva importada, de diseño moderno. El asiento es tapizado con tela y acojinado con espuma de poliuretano. El respaldo es tapizado con malla color negro. Cuenta con palancas que regulan: la posición del reclinamiento  del respaldo y la altura del asiento.<br>Cuenta con: descansa brazos (ajustables) y cabecera<br>La base es de 5 brazos, fabricada con aluminio.<br>Es disponible en 2 colores: gris claro (como se observa en la ilustración) o negro.',3200,130),(189,'SILLONES EJECUTIVOS CON RESPALDO DE MALLA','SEI-14','Silla ejecutiva importada, de diseño moderno. El asiento es tapizado con tela y acojinado con espuma de poliuretano. El respaldo es tapizado con malla color negro. Cuenta con palancas que regulan: la posición del reclinamiento  del respaldo y la altura del asiento.<br>Cuenta con: descansa brazos (ajustables) y cabecera<br>La base es de 5 brazos, fabricada con aluminio.<br>Es disponible en 2 colores: gris claro (como se observa en la ilustración) o negro.',3490,130),(190,'SILLONES EJECUTIVOS CON RESPALDO DE MALLA','SEI-14 c/cab','-Línea de sillones ejecutivos, de diseño ergonómico.<br>-Soporte lumbar, descansa brazos y altura de asiento ajustables.<br>-Reclinamiento con mecanismo de tipo rodilla o Knee Tilt (Excepto el modelo para visitas, que es fijo y tubular de color blanco)<br>-Tapizados con malla (respaldo) y tela sobre espuma de alta densidad (asientos)<br>-Disponibles únicamente en color negro.',3990,130),(191,'BANCA DE ESPERA TAPIZADA','BR-T','Banca de espera para 2, 3 y 4 personas, con asiento y respaldo tapizados con vinil o pliana sobre espuma de poliuretano de alta densidad, con estructura de tubo de acero rectangular de 2 1/2 pulgadas X 1 1/4 en calibre 18, esmaltada en negro con pintura horneada<br>Medidas:<br>2 plazas (largo de 109 cm)<br>3 plazas (largo de 164 cms)<br>4 plazas (con pata intermedia y largo de 218 cms)',NULL,131),(192,'MESA PLEGABLE CIRCULAR','MP-C 15','Agregando $100.00 por mesa, usted puede elegir que la estructura sea reforzada.',NULL,9),(193,'Disponible en varias medidas: ',NULL,'120x75 cm   /  150x75 cm   /  180x75 cm  /   236x75 cms',NULL,6),(194,'SILLA APILABLE DE RESPALDO ALTO PIRAMIDAL, TAPIZADA CON VINIL','AP-2P','Silla apilable de respaldo alto piramidal. Su estructura es fabricada con tubo de acero cuadrado de 3/4\" en calibre 18. Cromada. Tapizada con vinil o tela acrílica (pliana) en color a elegir, sobre espuma de poliuretano de alta densidad.<br>Estiba máxima: 10 sillas<br>Medidas generales (por silla)<br>frente: 43.5 cms<br>fondo: 59 cms<br>altura: 96 cms<br>Medidas de asiento:<br>frente: 39.5 cms<br>fondo: 38 cms',470,15),(195,'Base metálica cromada',NULL,'Con un ajuste en su precio, usted puede solicitar que sea sustituida la base negra de plástico (nylon) por esta base metálica cromada.',NULL,143),(196,'Base de nylon reforzado',NULL,'Nuestra base de plástico (nylon) para sillas de oficina, es la más resistente del mercado, ya que supera los 1,000 kg de presión, lo que la hace practicamente irrompible.',NULL,143),(197,'Ruedas',NULL,'',NULL,143),(198,'Deslizadores',NULL,'Además, si usted necesita una base fija, puede solicitar, sin costo adicional, que sean sustituidas las ruedas por deslizadores.',NULL,143),(199,'ARILLO POSAPIÉ METÁLICO CROMADO',NULL,'',NULL,144),(200,'ARILLO POSAPIÉ DE NYLON',NULL,'',NULL,144),(201,'SILLA APILABLE H, DE RESPALDO BAJO TAPIZADA CON TELA (PLIANA)','AP-H','Silla de visita H, con amplia estructura fabricada con tubo de acero de 3/4 en cal. 18, es ideal para consultorios, salas de espera y visitas. El diseño esta silla le permite estibar mas de 10 sillas, ocupando un espacio reducido. Puede ser tapizada con vinil o tela (pliana) en una amplia gama de colores, y la estructura es cromada (como se observa en la ilustración) Cuenta con acojinamiento de espuma de 24 kg/m3.',510,17),(202,'SILLA APILABLE TAPIZADA CON VINIL NEGRO','AP-1C','Silla apilable de respaldo bajo. Es una silla muy compacta y resistente, ya que utilizamos para su elaboración tubo de 3/4\" en cal. 18, Asimismo, puede ser tapizada con vinil o tela (pliana) en una amplia gama de colores, y la estructura puede ser cromada (como se observa en la ilustración) o esmaltada con pintura color negro.<br>Para la costura utilizamos hilo de nylon y el acojinamiento es de aglutinado de 80 kg y espuma de 24 kg, sobre un bastidor de madera de pino y tablero de madera osb',450,20),(203,'SILLA DE VISITA, APILABLE Y EXTRA REFORZADA (cromada)','SV','  Silla de visita con estructura cromada y reforzada. El asiento y respaldo son, en su interior, de madera termomoldeada (no plástico), y cuenta con un acojinamiento de espuma inyectado con densidad indeformable (45kg/m3) tapizado con vinil o tela en color a elegir.',720,22),(204,'SILLA SECRETARIAL RECLINABLE, CON CODERAS AJUSTABLES','SA-M CB PA','Nuestro modelo de silla secretarial con descansa brazos, es una silla para largas horas de trabajo, su asiento anatomico, el tamaño de su respaldo (41cm x 39cm de altura), su reclinamiento, y los distintos modelos de descansa brazos disponibles, la hacen una silla muy versatil, que permíte al usuario modificar continuamente su postura, relajandola.',1675,65),(206,'SILLA SECRETARIAL CON DESCANSA BRAZOS FIJOS','SA-M CB 70','Nuestro modelo de silla secretarial con descansa brazos, es una silla para largas horas de trabajo, su asiento anatomico, el tamaño de su respaldo (41cm x 39cm de altura), su reclinamiento, y los distintos modelos de descansa brazos disponibles, la hacen una silla muy versatil, que permíte al usuario modificar continuamente su postura, relajandola.',1440,65),(207,'SILLA SECRETARIAL CON DESCANSA BRAZOS FIJOS','SA-M CB 150','Nuestro modelo de silla secretarial con descansa brazos, es una silla para largas horas de trabajo, su asiento anatomico, el tamaño de su respaldo (41cm x 39cm de altura), su reclinamiento, y los distintos modelos de descansa brazos disponibles, la hacen una silla muy versatil, que permíte al usuario modificar continuamente su postura, relajandola.',1500,65),(208,'SILLA SECRETARIAL GIRATORIA CON DESCANSA BRAZOS AJUSTABLES','SS-JS CB PA','Este modelo de silla secretarial con descansa-brazos 150, es una de las mejores opciones para silla de oficina, por las siguientes caracteristicas:<br>Su base es de nylon (para carga pesada) de 24 pulgadas de diametro, y cuenta con ruedas de desplazamiento.<br>Su asiento y respaldo son acojinados con espuma de poliuretano de alta densidad (respaldo de 24 kg/m3 y asiento anatomicamente moldeado superior a 40 kg/m3).<br>El respaldo soporta la parte media de la espalda y cuenta con un mecanismo \"fijo\" (sin reclinamiento), muy sólido, así como pistón para ajuste de altura. Las \"coderas\" (descansa brazos) son muy importantes y los recomendamos ampliamente para disminuir la tensión de los hombros. Usted puede ver las distintas opciones de \"coderas\" fijas o ajustables. Por ultimo, le ofrecemos una amplia variedad de colores para tapizar sus sillas',1625,68),(209,'SILLA SECRETARIAL GIRATORIA CON CODERAS FIJAS','SS-JS CB 70','Este modelo de silla secretarial con descansa-brazos 150, es una de las mejores opciones para silla de oficina, por las siguientes caracteristicas:<br>Su base es de nylon (para carga pesada) de 24 pulgadas de diametro, y cuenta con ruedas de desplazamiento.<br>Su asiento y respaldo son acojinados con espuma de poliuretano de alta densidad (respaldo de 24 kg/m3 y asiento anatomicamente moldeado superior a 40 kg/m3).<br>El respaldo soporta la parte media de la espalda y cuenta con un mecanismo \"fijo\" (sin reclinamiento), muy sólido, así como pistón para ajuste de altura. Las \"coderas\" (descansa brazos) son muy importantes y los recomendamos ampliamente para disminuir la tensión de los hombros. Usted puede ver las distintas opciones de \"coderas\" fijas o ajustables. Por ultimo, le ofrecemos una amplia variedad de colores para tapizar sus sillas',1390,68),(210,'SILLA SECRETARIAL CON DESCANSA BRAZOS FIJOS','SS-JS CB 140','Este modelo de silla secretarial con descansa-brazos 150, es una de las mejores opciones para silla de oficina, por las siguientes caracteristicas:<br>Su base es de nylon (para carga pesada) de 24 pulgadas de diametro, y cuenta con ruedas de desplazamiento.<br>Su asiento y respaldo son acojinados con espuma de poliuretano de alta densidad (respaldo de 24 kg/m3 y asiento anatomicamente moldeado superior a 40 kg/m3).<br>El respaldo soporta la parte media de la espalda y cuenta con un mecanismo \"fijo\" (sin reclinamiento), muy sólido, así como pistón para ajuste de altura. Las \"coderas\" (descansa brazos) son muy importantes y los recomendamos ampliamente para disminuir la tensión de los hombros. Usted puede ver las distintas opciones de \"coderas\" fijas o ajustables. Por ultimo, le ofrecemos una amplia variedad de colores para tapizar sus sillas',1460,68),(211,'SILLA SECRETARIAL, CON DESCANSA BRAZOS AJUSTABLES A LA ALTURA','SS-BOT CB PA','La caracteristica principal de esta silla secretarial es su respaldo de diseño anatomico. Que proporciona un excelente soporte a la espalda baja. Este soporte varía de acuerdo a la aestaura del usuario, sin embargo para una persona de talla media (+/- 70 kg y altura de 1.70 mt) puede sentir el soporte y contacto constante.<br>Cuenta con asiento ajustable a la altura con pistón de aire. La base es de nylon de 5 puntas (para carga pesada)  y tiene ruedas de desplazamiento. Su asiento y respaldo son acojinados con espuma de poliuretano de alta densidad (respaldo de 24 kg/m3 y asiento de 45 kg/m3) y son tapizados con tela (pliana) en color a elegir.<br>Las \"coderas\" o descansa brazos disminuyen la fatiga en los hombros, por lo tanto, siempre que le sea posible, solicite que su silla cuente con este accesorio.<br>Ponemos a su disposición esta silla con varios modelos de descansa-brazos, fijos o ajustables.',1675,70),(212,'SILLA SECRETARIAL, GIRATORIA CON DESCANSA BRAZOS FIJOS','SS-BOT CB 70','La caracteristica principal de esta silla secretarial es su respaldo de diseño anatomico. Que proporciona un excelente soporte a la espalda baja. Este soporte varía de acuerdo a la aestaura del usuario, sin embargo para una persona de talla media (+/- 70 kg y altura de 1.70 mt) puede sentir el soporte y contacto constante.<br>Cuenta con asiento ajustable a la altura con pistón de aire. La base es de nylon de 5 puntas (para carga pesada)  y tiene ruedas de desplazamiento. Su asiento y respaldo son acojinados con espuma de poliuretano de alta densidad (respaldo de 24 kg/m3 y asiento de 45 kg/m3) y son tapizados con tela (pliana) en color a elegir.<br>Las \"coderas\" o descansa brazos disminuyen la fatiga en los hombros, por lo tanto, siempre que le sea posible, solicite que su silla cuente con este accesorio.<br>Ponemos a su disposición esta silla con varios modelos de descansa-brazos, fijos o ajustables.',1440,70),(213,'SILLA SECRETARIAL, GIRATORIA CON DESCANSA BRAZOS FIJOS','SS-BOT CB 140','La caracteristica principal de esta silla secretarial es su respaldo de diseño anatomico. Que proporciona un excelente soporte a la espalda baja. Este soporte varía de acuerdo a la aestaura del usuario, sin embargo para una persona de talla media (+/- 70 kg y altura de 1.70 mt) puede sentir el soporte y contacto constante.<br>Cuenta con asiento ajustable a la altura con pistón de aire. La base es de nylon de 5 puntas (para carga pesada)  y tiene ruedas de desplazamiento. Su asiento y respaldo son acojinados con espuma de poliuretano de alta densidad (respaldo de 24 kg/m3 y asiento de 45 kg/m3) y son tapizados con tela (pliana) en color a elegir.<br>Las \"coderas\" o descansa brazos disminuyen la fatiga en los hombros, por lo tanto, siempre que le sea posible, solicite que su silla cuente con este accesorio.<br>Ponemos a su disposición esta silla con varios modelos de descansa-brazos, fijos o ajustables.',1610,70),(214,'SILLA CON DESCANSA BRAZOS AJUSTABLES','SA-US CB PA','Una silla para oficina que cuente con soporte en la espalda baja y con descansa brazos incluidos, beneficia la postura y disminuye la fatiga de los hombros. Esta silla, además le permite regular el reclinamiento del respaldo y ajustar la altura del asiento.<br>Su base es de nylon de 5 puntas (para carga pesada) y ruedas de desplazamiento.<br>Su asiento y respaldo son acojinados con espuma de poliuretano de alta densidad (respaldo de 24 kg/m3 y asiento mayor a 40 kg/m3) y son tapizados con tela (pliana) en color a elegir.',1775,72),(215,'SILLA CON DESCANSA BRAZOS FIJOS','SA-US CB 140','Una silla para oficina que cuente con soporte en la espalda baja y con descansa brazos incluidos, beneficia la postura y disminuye la fatiga de los hombros. Esta silla, además le permite regular el reclinamiento del respaldo y ajustar la altura del asiento.<br>Su base es de nylon de 5 puntas (para carga pesada) y ruedas de desplazamiento.<br>Su asiento y respaldo son acojinados con espuma de poliuretano de alta densidad (respaldo de 24 kg/m3 y asiento mayor a 40 kg/m3) y son tapizados con tela (pliana) en color a elegir.',1610,72),(216,'SILLA CON DESCANSA BRAZOS FIJOS','SA-US CB 150','Una silla para oficina que cuente con soporte en la espalda baja y con descansa brazos incluidos, beneficia la postura y disminuye la fatiga de los hombros. Esta silla, además le permite regular el reclinamiento del respaldo y ajustar la altura del asiento.<br>Su base es de nylon de 5 puntas (para carga pesada) y ruedas de desplazamiento.<br>Su asiento y respaldo son acojinados con espuma de poliuretano de alta densidad (respaldo de 24 kg/m3 y asiento mayor a 40 kg/m3) y son tapizados con tela (pliana) en color a elegir.',1600,72);
/*!40000 ALTER TABLE `modelos` ENABLE KEYS */;
UNLOCK TABLES;

--
-- Table structure for table `productos`
--

DROP TABLE IF EXISTS `productos`;
/*!40101 SET @saved_cs_client     = @@character_set_client */;
/*!40101 SET character_set_client = utf8 */;
CREATE TABLE `productos` (
  `idProductos` int(11) NOT NULL AUTO_INCREMENT,
  `Nombre` varchar(200) NOT NULL,
  `Previa` varchar(200) DEFAULT NULL,
  `fkCategorias` int(11) NOT NULL,
  `mini` varchar(200) NOT NULL,
  `Titulo` varchar(100) DEFAULT NULL,
  `Meta` varchar(200) DEFAULT NULL,
  `Encabezado` varchar(200) DEFAULT NULL,
  PRIMARY KEY (`idProductos`),
  KEY `fk_Productos_Categorias1_idx` (`fkCategorias`),
  CONSTRAINT `fk_Productos_Categorias1` FOREIGN KEY (`fkCategorias`) REFERENCES `categorias` (`idCategorias`) ON DELETE CASCADE ON UPDATE CASCADE
) ENGINE=InnoDB AUTO_INCREMENT=145 DEFAULT CHARSET=utf8;
/*!40101 SET character_set_client = @saved_cs_client */;

--
-- Dumping data for table `productos`
--

LOCK TABLES `productos` WRITE;
/*!40000 ALTER TABLE `productos` DISABLE KEYS */;
INSERT INTO `productos` VALUES (1,'Silla plegable acojinada','',1,'./img/plegables/plegables miniatura/silla plegable acojinada vinil.jpg','Silla plegable acojinada','silla plegable acojinada. Ideal para reuniones familiares, salones y alquiler. Estructura cromada o pintada. Tapizada con vinil','Silla plegable acojinada'),(2,'Silla plegable plastico polipropileno','',1,'./img/plegables/plegables miniatura/silla plegable plastico negro.jpg','Silla plegable de plástico polipropileno para alquiler o eventos','silla plegable de plastico polipropileno, ligera y estibable, ideal para sus reuniones','Silla plegable para eventos o alquiler, de plástico polipropileno negro o azul'),(3,'Juego de tablón rectangular con 10 sillas plegables','',1,'./img/plegables/plegables miniatura/tablon con 10 sillas plegables plastico mini.jpg','Juego de tablón con 10 sillas plegables','La mejor opción para sus fiestas o reuniones familiares. Mesa plegable tipo tablón, con 10 sillas plegables de plástico polipropileno en calibre 16','Paquete de tablón rectangular y 10 sillas plegables de plástico'),(4,'Mesa cuadrada plegable (75x75cm)','',1,'./img/plegables/plegables miniatura/mesa plegable cuadrada 75cm con sillas plegables mini.jpg','Mesa plegable cuadrada de 75x75cms','Práctica mesa plegable, con cubierta cuadrada, de 75 x 75 cms. Ideal como mesa auxiliar para cocina, trabajo escolar, capacitación','Mesa plegable cuadrada'),(5,'Mesa cuadrada plegable (150x150cm)','',1,'./img/plegables/plegables miniatura/MESA CUADRADA 150x150 miniatura.jpg','Tablón cuadrado plegable','Mesa o tablón plegable cuadrado, de 1.50 metros. Con cubierta de fibra de vidrio, triplay o MDF. Disponible también en medida de 165 y 180 cms','Tablón cuadrado plegable de 1.50 metros'),(6,'Tablón rectangular para 10 personas (236x75x75 cm)','',1,'./img/plegables/plegables miniatura/tablon fibra de vidrio mini.jpg','Tablón rectangular para banquetes - Mesa plegable rectangular','Tablón rectangular para 10 personas. De 236x75 cms. Con cubierta de triplay de pino, fibra de vidrio y MDF','Tablón para banquetes y alquiler, para 10 personas'),(7,'Tablón hotelero (236x48x75 cm)','',1,'./img/plegables/plegables miniatura/tablon hotelero mini.jpg','Tablón rectangular hotelero','tablón hotelero, rectangular, de 236x46 cms. Auxiliar para presentaciones y servicios','Tablón hotelero, auxiliar para presentaciones y servicios'),(8,'Medio tablón banquetero (120x75x75 cm)','',1,'./img/plegables/plegables miniatura/MEDIO TABLON RECTANGULAR mini.jpg','Medio tablón rectangular','Mesa plegable (medio tablón) auxiliar para su cocina, evento o salón de fiestas. De 120x75 cms','Medio tablón auxiliar para salón de fiestas'),(9,'Mesa circular plegable (150 cm diametro)','',1,'./img/plegables/plegables miniatura/mesa redonda 150.jpg','Mesa redonda plegable - Mesa plegable circular','Mesa redonda plegable para 10 personas. Cubierta de 150 cms. De triplay de pino, fibra de vidrio y MDF.','Mesa circular plegable para banquetes'),(10,'Mesa plegable reforzada (80x80 cm)','',1,'./img/plegables/plegables miniatura/mesa plegable cuadrada 80x80 mini.jpg','Mesa plegable cuadrada, de 80x80 cms','Práctica mesa cuadrada plegable de 80 x 80 cms. Con cubierta de melamina de 16 mm.','Mesa plegable cuadrada para 4 personas'),(11,'Silla plegable métalica','',1,'./img/plegables/plegables miniatura/silla plegable metalica.jpg','Silla plegable metálica para eventos o alquiler','silla plegable metalica para eventos, para uso rudo, en color gris','Silla plegable para eventos o alquiler, metálica en color gris '),(12,'Tablón infantil (180x50x58)','',1,'./img/plegables/plegables miniatura/mesa rectangular infantil.jpg','Tablón para fiestas infantiles','Mesa plegable tipo tablón. Tamaño infantil. De 180x50 cms (altura de 56cms)','Tablón plegable para fiestas infantiles'),(13,'Silla plegable acojinada infantil','',1,'./img/plegables/plegables miniatura/silla plegable infantil.jpg','Silla plegable acojinada para niños','silla plegable para fiestas infantiles','Silla plegable infantil, tapizada con vinil (de un solo color o combinado)'),(14,'Mesa circular de cubierta abatible (de 60 y 75cm)','',1,'./img/plegables/plegables miniatura/Mesas abatibles circulares 60 y 75 mini.jpg','Mesa plegable circular de 60 y 75 cms de diámetro','práctica mesa auxiliar, con cubierta abatible, circular, de 60 y 75 cms de diametro.','Mesa plegable redonda de 75 y 60 cms.'),(15,'Silla apilable para comedor de respaldo alto piramidal, estructura de tubo cuadrado','',2,'./img/apilablesvisita/apilablesvisita miniatura/apilable alta.jpg','Silla apilable para comedor de respaldo alto','Silla apilable para comedor, de respaldo alto. Tapizada con vinil o tela. Estructura calibre 18. Cromada o pintada','Silla apilable de respaldo alto piramidal, cromada y tapizada con tela (pliana)'),(16,'Silla apilable para comedor de respaldo alto piramidal, estructura de tubo redondo','',2,'./img/apilablesvisita/apilablesvisita miniatura/apilable alta tubo redondo.jpg','Silla apilable para comedor de respaldo alto','silla apilable para comedor de respaldo alto, tapizada con vinil o tela con estructura cromada o pintada','Silla apilable de respaldo alto piramidal, esmaltada, y tapizada con tela (pliana)'),(17,'Silla apilable H de respaldo bajo','',2,'./img/apilablesvisita/apilablesvisita miniatura/apilable h.jpg','Silla apilable para visita H','silla apilable para visita H, ideal para consultorios, salas de espera o visitas','Silla apilable H, de respaldo bajo, con amplia estructura reforzada'),(18,'Silla apilable reforzada de respaldo bajo semicircular','',2,'./img/apilablesvisita/apilablesvisita miniatura/apilable baja semi circular.jpg','Silla apilable reforzada','silla apilable con estructura reforzada para uso rudo','Silla apilable reforzada, de respaldo semicircular, para uso rudo'),(19,'Silla apilable para convencionesde acero macizo (cold rolled)','',2,'./img/apilablesvisita/apilablesvisita miniatura/apilable convencion.jpg','Silla apilable para convenciones','silla apilable para convenciones con estructura de acero macizo cold rolled','Silla apilable reforzada, para convenciones (tipo Banamex)'),(20,'Silla apilable para comedor de respaldo bajo','',2,'./img/apilablesvisita/apilablesvisita miniatura/apilable baja.jpg','Silla apilable para comedor de respaldo bajo. Tapizada con tela','Silla apilable. Tapizada con vinil o tela (pliana). Estructura cromada o esmaltada en negro. Silla compacta y resistente','Silla apilable de respaldo bajo, cromada o esmaltada y tapizada con tela (pliana)'),(21,'Silla apilable  concha plastico disponible en varios colores','',2,'./img/apilablesvisita/apilablesvisita miniatura/apilable concha.jpg','Silla apilable concha de plástico','silla apilable de concha de plastico polipropileno, ideal para aulas y colegios','Silla apilable en concha de plástico polipropileno'),(22,'Silla de visita reforzada, asiento y respaldo con base de madera','',2,'./img/apilablesvisita/apilablesvisita miniatura/silla visita.jpg','Silla de visita reforzada','Silla para visita ergonómica y reforzada. Silla de visita con asiento y respaldo tapizados con vinil o tela, sobre espuma de poliuretano inyectada','Silla para visita, ergonómica, apilable y reforzada'),(23,'Silla de visita con brazos. Reforzada, asiento y respaldo con base de madera','',2,'./img/apilablesvisita/apilablesvisita miniatura/silla visita con brazos.jpg','Silla para visitas. Con descansa brazos. Reforzada','Silla para visita ergonómica, reforzada. Cuenta con descansa brazos. Tapizadas con espuma inyectada','Silla para visita con descansa brazos, ergonómica, apilable.'),(24,'Silla de visita style estructura importada con base de madera','',2,'./img/apilablesvisita/apilablesvisita miniatura/silla visita style.jpg','Silla para visita. Silla para sala de espera','Silla para visitas. Apilable. Para salas de juntas o salas de espera. Tapizada con vinil o tela','Silla para visita. Apilable'),(25,'Silla de visita style con brazos estructura importada con base de madera','',2,'./img/apilablesvisita/apilablesvisita miniatura/silla visita style con brazos.jpg','Silla de visita con brazos de plástico','Silla para visitas. Con descansa brazos de plástico. Tapizada con vinil o tela. Apilable','Silla para visita, apilable, con brazos de plástico'),(26,'Silla de visita chica ideal para espacios reducidos','',2,'./img/apilablesvisita/apilablesvisita miniatura/silla visita chica.jpg','Silla de visita chica','silla para visita de diseño compacto, muy resistente e ideal para espacios reducidos','Silla para visita compacta, es ideal para espacios reducidos'),(27,'Silla de visita layer con plasticos de moderno diseño, disponible con o sin brazos','',2,'./img/apilablesvisita/apilablesvisita miniatura/silla visita layer.jpg','Silla de visita reforzada layer','silla para visita reforzada con plasticos de moderno diseño','Silla para visita con plasticos de moderno diseño, apilable y extra reforzada'),(28,'Silla de visita novaiso plasticos color negro o azul, y disponible con o sin brazos','',2,'./img/apilablesvisita/apilablesvisita miniatura/silla visita novaiso mini.jpg','Silla de visita novaiso','silla para visita con plasticos importados','Silla para visita novaiso, con plásticos importados'),(29,'Silla auxiliar Paola, estructura cromada o pintada de negro','',2,'./img/apilablesvisita/apilablesvisita miniatura/silla paola mini.jpg','Silla auxiliar apilable paola','silla apilable, ligera, resistente y de facil limpieza, con plasticos importados','Silla auxiliar apilable, con plásticos de moderno diseño'),(30,'Silla de visita con respaldo de malla','',2,'./img/apilablesvisita/apilablesvisita miniatura/silla visita malla mini.jpg','Silla de visita con respaldo de malla','silla para visita con un nuevo diseño de malla en su respaldo, con estructura reforzada','Silla para visita, con respaldo de malla'),(31,'Silla de plástico, apilable, reforzada','',2,'./img/apilablesvisita/apilablesvisita miniatura/Silla Onix mini.jpg','Silla de plástico blanca reforzada','silla apilable, fabricada con plástico de alta resistencia. En color blanco, café, azul, y rojo','Silla de plástico reforzado'),(32,'silla de plástico, Tifany','',2,'./img/apilablesvisita/apilablesvisita miniatura/tifany plastico mini.jpg','Silla Tifany de plástico','silla Tifany, fabricada con resina plástica de alta resistencia. De una sola pieza','Silla Tifany de plástico'),(33,'Silla escolar universitaria reforzada, de triplay con formica, la mejor opción para este nivel escolar','',3,'./img/escolares/escolares miniatura/silla escolar con formica1 mini.jpg','Silla escolar universitaria de triplay','silla escolar universitaria, con asiento, respaldo y paleta de triplay con formica','Silla escolar universitaria, con asiento, respaldo y paleta de triplay'),(34,'Silla escolar concha de plastico plastico polipropileno en color a elegir','',3,'./img/escolares/escolares miniatura/silla escolar concha con paleta mini.jpg','Silla escolar de concha de plástico','silla escolar en concha de plastico polipropileno en color a elegir','Silla escolar en concha de plástico polipropileno'),(35,'Silla escolar h tapizada con vinil o pliana, disponible con o sin portalibros','',3,'./img/escolares/escolares miniatura/silla escolar h mini.jpg','Silla escolar tapizada con vinil o tela','silla escolar H, con paleta y parrilla portalibros, acojinada, tapizada con vinil o tela','Silla escolar con paleta, acojinada, tapizada con vinil o tela'),(36,'Silla escolar ejecutiva de acero macizo (cold rolled), tapizada con vinil o pliana, disponible con o sin portalibros','',3,'./img/escolares/escolares miniatura/silla escolar ejecutiva mini.jpg','Silla escolar con paleta, ejecutiva','silla escolar con paleta, acojinada, ejecutiva, tapizada con vinil o tela','Silla escolar con paleta, acojinada, tapizada con vinil o tela'),(37,'Silla escolar semiejecutiva para capacitacion, tapizada con vinil o pliana y disponible con o sin portalibros','',3,'./img/escolares/escolares miniatura/silla escolar semiejecutiva mini.jpg','Silla con paleta, semiejecutiva','silla escolar semiejecutiva, diseño y acojinamiento confortable, con o sin portalibros','Silla escolar semiejecutiva con paleta, acojinada, tapizada con vinil o tela'),(38,'Mesa para computadora escolar, de 120x60x75 cms, cuenta con porta cpu y portateclado','',3,'./img/escolares/escolares miniatura/mesa computo mini.jpg','Mesa para computadora escolar','mesa para aula de computo, cuenta con porta teclado y porta cpu','Mesa escolar para computadora '),(39,'Mesa escolar rectangular para nivel primaria','',3,'./img/escolares/escolares miniatura/mesa escolar rectangular mini.jpg','Mesa rectangular tipo escolar','Mesa rectangular con cubierta de madera. Tipo escolar. Rectangular  de 120x60 cm. Ideal para salas de capacitación y aulas esolares','Mesa escolar rectangular para nivel primaria'),(40,'Mesa escolar en forma de trapecio para preescolar o primaria','',3,'./img/escolares/escolares miniatura/mesa escolar trapezoidal mini.jpg','Mesa escolar trapezoidal para preescolar o primaria','Mesa escolar en forma de trapecio, de 120x60 cms. Cubierta de madera (melamina) de 16 mm de espesor y modura tipo T de pvc','Mesa escolar trapezoidal para nivel preescolar o primaria'),(41,'Mesa escolar cuadrada para nivel preescolar','',3,'./img/escolares/escolares miniatura/mesa escolar cuadrada mini.jpg','Mesa escolar infantíl con cubierta cuadrada','Mesa cuadrada para escuela de nivel pre escolar. De 80x80 cms','Mesa escolar cuadrada para nivel pre-escolar'),(42,'Mesa binaria para capacitación de 120x50x75 cms; con papelera','',3,'./img/escolares/escolares miniatura/mesa binaria mini.jpg','Mesa binaria tipo escolar con papelera','Mesa tipo escolar, para 2 personas. Con papelera. Ideal para salas de capacitación y aulas escolares','Mesa escolar binaria para capacitación, con papelera'),(43,'Silla para comedor','Silla cromada (sr-1), y mesa cuadrada con base de 4 puntas cromada, hasta 80 cm por lado.',4,'./img/comedor/comedor miniatura/sr1cromada miniatura.jpg','Silla para comedor y mesa cuadrada para 4 personas','silla para comedor cromada y mesa cuadrada para 4 personas.','Silla para comedor y mesa cuadrada cromada, con base de 4 puntas'),(44,'Silla para comedor reforzada','Silla para comedor, reforzada, esmaltada en negro o café, y mesa cuadrada esmaltada en negro, hasta 80x80 cms.',4,'./img/comedor/comedor miniatura/silla comedor reforzada y mesa.jpg','Silla para comedor reforzada y mesa cuadrada para 4 personas','silla para comedor reforzada, pintada en color negro o café, para uso rudo. Mesa cuadrada para 4 personas, de 80x80 cm','Silla para comedor reforzada y mesa cuadrada con base de 4 puntas'),(45,'Silla para comedor','Silla cromada (sr-2), y mesa redonda cromada, de hasta 80 cm de diametro',4,'./img/comedor/comedor miniatura/sr 2 cromada miniatura.jpg','Sillas para comedor y mesa con cubierta circular','nuestras sillas y mesas para comedor, son economicas, resistentes','Silla modelo sr-2 cromada y mesa con cubierta circular y estructura cromada.'),(46,'Silla para comedor','Silla cromada (sr-3), y mesa redonda, esmaltada en negro, hasta 80 cm de diametro',4,'./img/comedor/comedor miniatura/sr 3 cromada miniatura.jpg','Silla para comedor modelo sr-3 con mesa cuadrada','silla para comedor cromada y mesa para 4 personas con base pintada en negro','Silla para comedor cromada y mesa circular con base de 4 puntas '),(47,'Silla para comedor','Silla cromada (sr-4), y mesa cuadrada cromada, hasta 80 cm por lado.',4,'./img/comedor/comedor miniatura/silla abanico cromada miniatura.jpg','Silla para comedor modelo sr-4 con mesa cuadrada, cromadas','sillas para comedor cromada y mesa para 4 personas con base cromada','Silla para comedor cromada y mesa cuadrada con base de 4 puntas'),(48,'Silla para comedor','Silla esmaltada en negro (sr-4) y mesa cuadrada esmaltada en negro, hasta 80 cm por lado.',4,'./img/comedor/comedor miniatura/silla abanico esmaltada miniatura.jpg','Silla para comedor modelo sr-4 con mesa cuadrada','sillas para comedor cromada y mesa para 4 personas con base cromada','Silla para comedor cromada y mesa cuadrada con base de 4 puntas'),(49,'Mesa con base de disco y cubierta cuadrada','',4,'./img/comedor/comedor miniatura/silla tifanny 1 miniatura.jpg','Mesa cuadrada con base de disco','Mesa con cubierta cuadrada y base de disco','Mesa cuadrada con base de disco'),(50,'Mesa con base de disco y cubierta circular','',4,'./img/comedor/comedor miniatura/silla tifanny 2 miniatura.jpg','Mesa circular con base de disco','Mesa con cubierta circular y base de disco','Mesa circular con base de disco'),(51,'Banco alto y mesa para cafetería','',5,'./img/altas/altas miniatura/banco veli mini.jpg','Banco alto para barra o cafetería','bancos y mesa alta para barra o cafeteria, en varios diseños y colores','Banco y mesa alta para cafetería'),(52,'Banco giratorio y mesa alta con cubierta circular','',5,'./img/altas/altas miniatura/banco giratorio mini.jpg','Banco alto giratorio para barra o cafetería','bancos giratorio y mesa alta para barra o cafeteria, en varios diseños y colores','Banco giratorio y mesa alta para cafetería'),(53,'Banco alto con respaldo acojinado y mesa alta con cubierta circular','',5,'./img/altas/altas miniatura/banco italia cromado mini.jpg','Banco alto italia para barra o cafetería','bancos y mesa alta para barra o cafeteria, en varios diseños y colores','Banco alto cromado, y mesa alta para cafetería'),(54,'Banco alto giratorio, de altura ajustable con pistón de aire','',5,'./img/altas/altas miniatura/bancos valencia mini.jpg','Banco giratorio de altura ajustable','Banco giratorio de altura variable, disponible en color negro, blanco, plata y rojo','Banco alto giratorio de altura ajustable'),(55,'Banco alto con respaldo acojinado y mesa alta con cubierta cuadrada','',5,'./img/altas/altas miniatura/banco italia esmaltado mini.jpg','Banco alto italia para barra o cafetería','bancos y mesa alta para barra o cafeteria, en varios diseños y colores','Banco alto con respaldo, pintado en negro, y mesa alta para cafetería'),(56,'Banco alto de aluminio y mesa alta  para exteriores, ambas, fabricadas con aluminio','',5,'./img/altas/altas miniatura/banco de aluminio mini.jpg','Banco alto y mesa alta de aluminio','banco y mesa alta importados, fabricados con aluminio, ideal para exteriores','Banco y mesa alta de aluminio para interior y exterior'),(57,'Banco alto reforzado y mesa con cubierta de cristal.','',5,'./img/altas/altas miniatura/banco strong con mesa de cristal mini.jpg','Banco alto reforzado y mesa alta con cubierta de cristal','banco alto reforzado y mesa alta con cubierta de cristal','Banco alto y mesa con cubierta de cristal'),(58,'Silla secretarial económica','Línea de sillas para oficina económicas (de uso moderado)',6,'./img/sillas_oficina/sillas_oficina miniatura/silla economica mini.jpg','Silla secretarial económica','silla para oficina secretarial, con ajuste de altura, economica, importada, exclusivamente en color negro','Silla secretarial económica'),(59,'Silla secretarial (respaldo medio, sin reclinamiento)','Línea de sillas para oficina económicas (de uso moderado)',6,'./img/sillas_oficina/sillas_oficina miniatura/SS M E mini.jpg','Silla secretarial económica de respaldo medio','Silla tipo secretarial económica - de respaldo medio, con asiento ajustable a la altura','Silla secretarial de respaldo medio, giratoria y con pistón para elevación'),(60,'Silla operativa (respaldo medio, con reclinamiento)','Línea de sillas para oficina económicas (de uso moderado)',6,'./img/sillas_oficina/sillas_oficina miniatura/SA M E mini.jpg','Silla secretarial económica, de respaldo reclinable, en tamaño medio','Silla tipo secretarial económica. Respaldo con reclinamiento, en tamaño medio, con asiento ajustable a la altura','Silla secretarial de respaldo reclinable. Giratoria y con pistón para elevación'),(61,'Silla secretarial (respaldo alto, sin reclinamiento)','Línea de sillas para oficina económicas (de uso moderado)',6,'./img/sillas_oficina/sillas_oficina miniatura/SS VG E mini.jpg','Silla secretarial económica de respaldo alto','Silla tipo secretarial, económica - de respaldo alto y asiento con ajuste de altura','Silla secretarial de respaldo alto, giratoria y con pistón para elevación'),(62,'Silla operativa (respaldo alto, con reclinamiento)','Línea de sillas para oficina económicas (de uso moderado)',6,'./img/sillas_oficina/sillas_oficina miniatura/SA VG E mini.jpg','Silla secretarial económica, de respaldo alto y reclinable','Silla tipo secretarial económica. Respaldo alto, con reclinamiento. Asiento ajustable a la altura mediante pistón','Silla secretarial de respaldo reclinable. Giratoria y con pistón para elevación'),(63,'Silla secretarial, de respaldo básico y asiento chico','Línea de sillas para oficina (de uso continuo)',6,'./img/sillas_oficina/sillas_oficina miniatura/practica mini.jpg','Silla secretarial práctica, una silla económica y resistente','Esta silla ha sido diseñada para ser usada para personas de talla chica (niños) pero su tamaño y resistencia la hacen ideal para espacios reducidos','Silla secretarial práctica, ideal para espacios reducidos'),(64,'Silla operativa (respaldo medio, con reclinamiento)','Línea de sillas para oficina (de uso continuo)',6,'./img/sillas_oficina/sillas_oficina miniatura/silla sam mini.jpg','Silla secretarial con respaldo reclinable','una silla secretarial con reclinamiento en su respaldo, permite soportar largas horas de trabajo en escritorio o computadora','Silla secretarial reclinable, giratoria y con pistón para elevación'),(65,'Silla operativa (respaldo medio, con reclinamiento)','Línea de sillas para oficina (de uso continuo)',6,'./img/sillas_oficina/sillas_oficina miniatura/silla operativa sa-m cb140 mini.jpg','Silla secretarial reclinable, con ajuste de altura y coderas (descansa brazos)','Es importante que una silla secretarial que cuente con reclinamiento en el respaldo y descansa brazos, porque disminuye el cansancio provocado al estar sentado por largos periodos de tiempo','Silla secretarial reclinable, giratoria, con descansa brazos'),(66,'Silla para visita, (respaldo sin reclinamiento) con base metálica tipo trineo','Línea de sillas para oficina (de uso continuo)',6,'./img/sillas_oficina/sillas_oficina miniatura/silla de visita sam mini.jpg','Silla para visita con base metálica tipo trineo','silla para oficina, con base fija tipo trineo. Para sala de juntas o visitas.','Silla para visita, con base metálica tipo trineo'),(67,'Silla secretarial tradicional (respaldo sin reclinamiento)','Línea de sillas para oficina (de uso continuo)',6,'./img/sillas_oficina/sillas_oficina miniatura/silla secretarial ssjs mini.jpg','Silla secretarial JS, comoda, economica y resistente','Nuestra silla secretarial ofrece soporte en la espalda media y es muy comoda por su asiento anatomico, es una excelente opción de trabajo para su personal y su economia.','Silla secretarial JS, una excelente opción de economía y durabilidad'),(68,'Silla secretarial (respaldo sin reclinamiento) con descansa-brazos','Línea de sillas para oficina (de uso continuo)',6,'./img/sillas_oficina/sillas_oficina miniatura/silla secretarial ssjs cb 150 mini.jpg','Silla secretarial con coderas (descansa brazos), una excelente opción para su economía y comodidad','Si usted necesita una silla secretarial: comoda, durable y economica este modelo lo tiene.','Silla secretarial giratoria con descansa-brazos, la mejor silla de su tipo'),(69,'Silla secretarial de respaldo bajo (sin reclinamiento)','Línea de sillas para oficina (de uso continuo)',6,'./img/sillas_oficina/sillas_oficina miniatura/silla ss bot mini.jpg','Silla secretarial tradicional, con soporte en la espalda baja','Esta silla para oficina cuenta con un respaldo anatomico ubicado en la espalda baja (zona lumbar), y la altura del asiento es ajustable','Silla secretarial, con soporte en la espalda baja'),(70,'Silla secretarial de respaldo bajo (sin reclinamiento), con coderas','Línea de sillas para oficina (de uso continuo)',6,'./img/sillas_oficina/sillas_oficina miniatura/ss-bot cb 38 mini.jpg','Silla secretarial con soporte en la espalda baja','El respaldo de esta silla secretarial, proporciona confort en la espalda baja y los descansa brazos disminuyen la fatiga en los hombros','Silla secretarial con descansabrazos y soporte en la espalda baja'),(71,'Silla para oficina (respaldo con reclinamiento)','Línea de sillas para oficina (de uso continuo)',6,'./img/sillas_oficina/sillas_oficina miniatura/sa-us 1 mini.jpg','Silla para oficina con soporte lumbar','Mejore su postura con esta silla para oficina, ya que su respaldo ofrece soporte a la espalda baja (zona lumbar)','Silla para oficina, con soporte lumbar'),(72,'Silla para oficina (respaldo con reclinamiento) con descansa-brazos','Línea de sillas para oficina (de uso continuo)',6,'./img/sillas_oficina/sillas_oficina miniatura/silla operativa sa us cb 70 1 miniatura.jpg','Silla operativa reclinable, respaldo con soporte lumbar','una silla con soporte lumbar y descansa brazos ofrece los siguientes beneficios: una postura más recta y menor cansancio en los hombros','Silla para oficina,reclinable, giratoria, con soporte en la espalda baja y con descansa brazos'),(73,'DESC','Línea de sillas para oficina (de uso continuo)',6,'./img/sillas_oficina/sillas_oficina miniatura/sa-tor 1 mini.jpg','Silla con respaldo reclinable, con asiento anatomico y ajuste de altura','Los diversos ajustes en la altura del asiento, reclinamiento del respaldo y su amplio asiento anatomico le proporciona la comodidad que busca en una silla para oficina','Silla operativa de reclinable, con pistón para elevación'),(74,'DESC','Línea de sillas para oficina (de uso continuo)',6,'./img/sillas_oficina/sillas_oficina miniatura/sa torino cb 140 mini.jpg','Silla para oficina reclinable y con coderas','obtenga la comodidad que necesita con esta silla para oficina, que le ofrece: reclinamiento del respaldo, ajuste de altura del asiento y coderas opcionales (descanza brazos)','Silla operativa, reclinable, giratoria, con coderas'),(75,'Silla para oficina (respaldo alto, anatomico y reclinable)','Línea de sillas para oficina (de uso continuo)',6,'./img/sillas_oficina/sillas_oficina miniatura/silla sa-eu sin brazos mini.png','Silla operativa reclinable, de amplio respaldo','silla para oficina operativa, giratoria, reclinable y con ajuste de altura','Amplia silla operativa, reclinable y giratoria'),(76,'Silla para oficina (respaldo alto, anatómico y reclinable)','Línea de sillas para oficina (de uso continuo)',6,'./img/sillas_oficina/sillas_oficina miniatura/sa-eu cb140n 1 mini.jpg','Silla para oficina reclinable, anatomica, con ajuste de altura y reclinamiento','Nuestro modelo de silla para oficina es: sencilla, comoda y economica. Su diseño anatomico la hace ideal para personas que pasan mucho tiempo en actividades de oficina','Silla para oficina, reclinable, giratoria y con coderas'),(77,'Silla semi-ejecutiva (respaldo de malla con soporte lumbar)','Línea de sillas para oficina (de uso continuo)',6,'./img/sillas_oficina/sillas_oficina miniatura/silla ejecutiva se lux cb pa sc 1 mini.jpg','Silla ergonómica con respaldo de malla','silla para oficina conn moderno respaldo de malla ergonomica, con o sin coderas, giratoria y ajustable','Silla ergonómica con respaldo de malla y soporte lumbar'),(78,'Silla semi-ejecutiva (respaldo de malla con soporte lumbar y cabecera)','Línea de sillas para oficina (de uso continuo)',6,'./img/sillas_oficina/sillas_oficina miniatura/silla ejecutiva respaldo malla y cabecera.jpg','Silla ejecutiva ergonómica con respaldo de malla','silla ejecutiva con respaldo de malla y soporte lumbar. Cuenta con cabecera, y coderas ajustables','Silla ergonómica con respaldo de malla, soporte lumbar y cabecera.'),(79,'Silla para oficina (respaldo alto, con riñoneras y reclinable)','Línea de sillas para oficina (de uso continuo)',6,'./img/sillas_oficina/sillas_oficina miniatura/silla operativa sa mta mini.jpg','Silla para oficina con riñoneras, reclinable, con respaldo amplio','Una de las sillas preferidas por nuestros clientes, es nuestro modelo de silla para oficina con riñoneras','Silla para oficina, de respaldo alto y riñoneras'),(80,'Silla para oficina (respaldo alto, con riñoneras y reclinable)','Línea de sillas para oficina (de uso continuo)',6,'./img/sillas_oficina/sillas_oficina miniatura/sa-eu-r cb140n1 mini.jpg','Silla para oficina con riñoneras. Es una silla ajustable, amplia, comoda y resistente','Nuestra silla con riñoneras es la preferida de muchos clientes que buscan soporte en esa zona particular de la espalda, y es disponible con descansa brazos (coderas) y sistema reclinable','Silla operativa reclinable, con riñoneras, giratoria y con descansa brazos'),(81,'Silla operativa (respaldo de malla y reclinable)','Línea de sillas para oficina (de uso continuo)',6,'./img/sillas_oficina/sillas_oficina miniatura/neon cb ajus mini.jpg','Silla operativa con respaldo de malla y coderas ajustables','silla para oficina con moderno respaldo de malla, con o sin coderas, giratoria y ajustable','Silla operativa con respaldo de malla y descansa brazos ajustables'),(82,'Silla secretarial, con brazos metálicos','Línea de sillas para oficina (de uso continuo)',6,'./img/sillas_oficina/sillas_oficina miniatura/ss v cbm mini.jpg','Silla secretarial con descansabrazos metálicos','silla para oficina, tipo secretarial, con coderas metálicas. Con pistón para ajuste de altura.','Silla secretarial con descansabrazos metálicos'),(83,'Silla secretarial tipo industrial','Línea de sillas para oficina (de uso continuo)',6,'./img/sillas_oficina/sillas_oficina miniatura/silla secretarial industrial mini.jpg','Silla secretarial tipo industrial','silla giratoria para industria o laboratorio','Silla secretarial para industria o laboratorio'),(84,'Silla tipo taburete, giratoria y con ajuste de altura','Línea de sillas para oficina (de uso continuo)',6,'./img/sillas_oficina/sillas_oficina miniatura/silla taburete miniatura.jpg','Banco tipo taburete','banco o silla sin respaldo, tipo taburete, con ajuste de altura','Silla tipo taburete'),(85,'Escritorio secretarial con mesa lateral con cajones de archivo','',7,'./img/oficina/oficina miniatura/escritorio con lateral mini.jpg','Escritorio secretarial con mesa lateral integrada','Conjunto de escritorio secretarial y mesa lateral. Ambos muebles cuentan con cajones de archivo. El escritorio mide 150x60 cm y la mesa lateral 80x45 cm','Escritorio secretarial con mesa lateral integrada'),(86,'Librero de piso con entrepaños fijos o ajustables','',7,'./img/oficina/oficina miniatura/librero nogal con negro mini.jpg','Libreros de piso','libreros de piso con entrepaños fijos o moviles. Librero de 60, 75 y 90 cm por 180 cms de alto','Libreros de piso'),(87,'Escritorio secretarial con cajones tamaño oficio','',7,'./img/oficina/oficina miniatura/escritorio secretarial 120x60M 2 mini.jpg','Escritorio secretarial con cajones papelero y archivo','Escritorio secretarial con cajones tamaño oficio. Cuenta chapa, juego de llaves y jaladera metálica. Medidas 120x60 y 120x75 cms','Escritorio secretarial con cajones'),(88,'Archivero vertical de 2, 3 y 4 cajones (gavetas)','',7,'./img/oficina/oficina miniatura/archivero vertical 4 gavetas mini.jpg','Archivero vertical de 4 gavetas o cajones','archivero vertical de madera (Panal Art) de 4 cajones o gavetas tamaño oficio','Archivero de madera de 4 cajones o gavetas'),(89,'Escritorio  tipo bala con mesa lateral','',7,'./img/oficina/oficina miniatura/escritorio bala con mesa lateral miniatura.png','Escritorio tipo bala con mesa lateral','Escritorio tipo bala, con mesa lateral empotrada, que además cuenta con cajones tamaño oficio. Cuenta chapa, juego de llaves y jaladera metálica.','Escritorio tipo bala con mesa lateral'),(90,'Archivero horizontal de 2, 3 y 4 cajones','',7,'./img/oficina/oficina miniatura/archivero horizontal 2 gavetas mini.jpg','Archivero horizontal de 2 cajones','archivero horizontal de 2 cajones o gavetas en tamaño oficio, con cerradura','Archivero horizontal de 2 cajones'),(91,'Escritorio secretarial con librero','',7,'./img/oficina/oficina miniatura/escritorio secretarial con librero 120x60M mini.jpg','Conjunto de escritorio secretarial con librero abierto','Conjunto de escritorio secretarial con librero abierto. Escritorio de 120 x 60 x 75 cm y librero de 115 x 30 x 90h','Escritorio con librero'),(92,'Modulo directivo compuesto por escritorio, credenza y librero','',7,'./img/oficina/oficina miniatura/escritorio credenza y librero mini.jpg','Módulo directivo','modulo directivo formado por Escritorio, credenza y librero','Módulo Directivo (escritorio, credenza, y librero)'),(93,'Modulo gerencial formado por escritorio, puente de unión, credenza y librero','',7,'./img/oficina/oficina miniatura/modulo en U con escritorio mini.jpg','Módulo gerencial','modulo gerencial formado por Escritorio, Puente union, credenza y librero','Módulo Gerencial (escritorio, puente unión, credenza, y librero)'),(94,'Modulo ejecutivo formado por escritorio bala, puente de unión, credenza y librero','',7,'./img/oficina/oficina miniatura/modulo en U con escritorio bala mini.jpg','Módulo ejecutivo','modulo ejecutivo formado por Escritorio peninsula, Puente union, credenza y librero','Módulo Ejecutivo (peninsula, puente unión, credenza, y librero)'),(95,'Mesa de juntas rectangular solicítela en tamaño adecuado a sus necesidades, hasta 2.40 x 1.20 mts','',7,'./img/oficina/oficina miniatura/mesa juntas rectangular mini.jpg','Mesa rectangular para sala de juntas','Mesa para sala de juntas, rectangular, de 240x120 cms o en la medida  que requiera.','Mesa para sala de juntas'),(96,'Mesa de juntas circular. solicítela en tamaño adecuado a sus necesidades, hasta 1.20 mts de diametro','',7,'./img/oficina/oficina miniatura/mesa juntas circular miniatura.jpg','Mesa para sala de juntas con cubierta circular','Mesa para sala de juntas, con cubierta circular de 1.20 mts Base de cruceta','Mesa para sala de juntas con cubierta circular'),(97,'Organice sus libros, accesorios y equipo de computo con este escritorio multimedia (ideal para estudiantes)','',7,'./img/oficina/oficina miniatura/escritorio para computadora mini.jpg','Escritorio estudiantil para trabajo en computadora','Escritorio estudiantil para trabajo en computadora - Escritorio multimedia - Escritorio con portateclado, impresora, cajón auxiliar, entrepaño para libros.','Escritorio estudiantil para trabajo en computadora'),(98,'Modulo ejecutivo formado por: escritorio, puente de unión y credenza. Librero para sobreponer a credenza y mini librero.','',7,'./img/oficina/oficina miniatura/modulo directivo miniatura.png','Módulo ejecutivo','modulo ejecutivo formado por Escritorio peninsula, Puente union, credenza y librero','Módulo Ejecutivo (escritorio, puente unión, credenza, y librero)'),(99,'Banco tipo cajero, de altura ajustable, con aro posapié plástico (nylon)','',8,'./img/cajero/cajero miniatura/banco cajero practica aro negro mini.jpg','Banco tipo cajero con aro posapie','banco alto tipo cajero, con piston para ajuste de elevación y posapie','Banco alto tipo cajero '),(100,'Banco tipo cajero, de altura ajustable, con apoyo para brazos, y con aro posapié metálico','',8,'./img/cajero/cajero miniatura/ss js ca cb 70 miniatura.jpg','Banco tipo cajero con aro posapie','banco alto tipo cajero, con piston para ajuste de elevación y posapie','Banco alto tipo cajero con descansa brazos'),(101,'Banco tipo cajero, de altura ajustable, con descansa brazos, y con aro posapié metálico','',8,'./img/cajero/cajero miniatura/banco cajero sam con aro cromado mini.jpg','Banco tipo cajero con aro posapie metálico','banco alto tipo cajero, reclinable, con ajuste de altura y aro posapie metalico o de plástico','Banco alto tipo cajero '),(102,'Banco tipo cajero, de altura ajustable, con descansa brazos, y con aro posapié metálico','',8,'./img/cajero/cajero miniatura/ss mtb ca cb 70 miniatura.jpg','Banco tipo cajero con aro posapie','banco alto tipo cajero, con piston para ajuste de elevación y posapie','Banco alto tipo cajero, con descansa brazos'),(103,'Banco alto tipo industrial, con aro posapié de nylon','',8,'./img/cajero/cajero miniatura/ss pm ca miniatura.jpg','Banco alto tipo industrial','banco alto tipo cajero, para industria, con piston para ajuste de elevación y aro posapie','Banco alto industrial'),(104,'Banco alto tipo industrial sin respaldo, con aro posapié de nylon','',8,'./img/cajero/cajero miniatura/ss-pmc-ca mini.jpg','Banco alto para industria o laboratorio','banco alto para industria o labaratorio, con asiento circular y ajuste de altura','Banco alto industrial sin respaldo y con asiento circular'),(105,'Sillón ejecutivo de respaldo alto','Sillón de diseño tradicional. Reclinable y con ajuste de altura',9,'./img/ejecutivos/ejecutivos miniatura/sem1mini.jpg','Sillón ejecutivo de respaldo alto','sillon ejecutivo de respaldo alto, reclinable, cuenta con piston para ajuste de altura','Sillón tipo ejecutivo de respaldo alto, amplio, comodo y resistente.'),(106,'Sillón ejecutivo de respaldo bajo','Sillón de tipo tradicional, con ajuste de altura y reclinamiento.',9,'./img/ejecutivos/ejecutivos miniatura/sem1bmini.jpg','Sillón ejecutivo de respaldo bajo','sillon ejecutivo de respaldo bajo, reclinable, cuenta con piston para ajuste de altura','Sillón tipo ejecutivo de respaldo bajo, amplio, comodo y resistente.'),(107,'Sillón ejecutivo para visitas','Sillón con base metalica tipo trineo',9,'./img/ejecutivos/ejecutivos miniatura/sem1vmini.jpg','Sillón ejecutivo para visitas','sillon ejecutivo de respaldo bajo, para sus visitas, con base metalica tipo trineo','Sillón ejecutivo para visitas'),(108,'Sillón ejecutivo de respaldo alto','Sillón ejecutivo que cuenta con un diseño moderno y ergonómico.',9,'./img/ejecutivos/ejecutivos miniatura/sem2mini.jpg','Sillón ejecutivo de respaldo alto','sillon ejecutivo de respaldo alto, reclinable, cuenta con piston para ajuste de altura','Sillón tipo ejecutivo de respaldo alto.'),(109,'Sillón ejecutivo de respaldo bajo','Sillón ejecutivo de diseño moderno y ergonómico.',9,'./img/ejecutivos/ejecutivos miniatura/sem2bmini.jpg','Sillón ejecutivo de respaldo bajo','sillon ejecutivo de respaldo bajo, reclinable, cuenta con piston para ajuste de altura','Sillón tipo ejecutivo de respaldo bajo, amplio, comodo y resistente.'),(110,'Sillón ejecutivo para visitas','Sillón con base metalica tipo trineo',9,'./img/ejecutivos/ejecutivos miniatura/sem2vmini.jpg','Sillón ejecutivo para visitas','sillon ejecutivo de respaldo bajo, para sus visitas, con base metalica tipo trineo','Sillón ejecutivo para visitas'),(111,'Sillón ejecutivo SEI-1','',9,'./img/ejecutivos/ejecutivos miniatura/sei-1 mini.jpg','Sillón ejecutivo importado sei-1','sillón ejecutivo de alta calidad, con base metalica cromada y coderas ajustables','Sillón ejecutivo, con asiento en piel y respaldo tapizado con tela'),(112,'Sillón ejecutivo SEI-2','',9,'./img/ejecutivos/ejecutivos miniatura/sillon ejecutivo sei2 mini.png','Sillón ejecutivo importado sei-2','sillón ejecutivo economico, con ajuste de altura y reclinable','Sillón ejecutivo económico, tapizado con piel.'),(113,'Sillón ejecutivo SEI-3A','',9,'./img/ejecutivos/ejecutivos miniatura/sei-3 mini.jpg','Sillón ejecutivo importado de respaldo alto','sillón ejecutivo reclinable, con elegante estructura metalica cromada','Sillón ejecutivo reclinable, con estructura metálica cromada'),(114,'Silla ejecutiva SEI-3V','',9,'./img/ejecutivos/ejecutivos miniatura/sei-3v mini.jpg','Silla ejecutiva importada para visita, de respaldo bajo','silla ejecutiva para sala de juntas o visitas, con elegante estructura metalica cromada','Silla ejecutiva para visitas, con estructura metálica cromada'),(115,'Sillón ejecutivo de diseño ergonómico SEI-4 ','',9,'./img/ejecutivos/ejecutivos miniatura/sillon viena mini.png','Sillón ejecutivo ergonómic','Sillón ejecutivo con respaldo reclinable, tapizado con malla. Descansa brazos, cabecera y soporte lumbar ajustables. De moderno diseño','Sillón ejecutivo ergonómico'),(116,'Sillón ejecutivo SEI-5A','',9,'./img/ejecutivos/ejecutivos miniatura/sei-5a mini.jpg','Sillón ejecutivo importado sei-5a','sillón ejecutivo de respaldo alto, reclinable, y ajustable a la altura, cromado','Sillón ejecutivo de respaldo alto'),(117,'Sillón ejecutivo SEI-5B','',9,'./img/ejecutivos/ejecutivos miniatura/sei-5b mini.jpg','Sillón ejecutivo importado sei-5b','sillón ejecutivo de respaldo bajo, reclinable, y ajustable a la altura, cromado','Sillón ejecutivo de respaldo bajo'),(118,'Silla ejecutiva SEI-5V','',9,'./img/ejecutivos/ejecutivos miniatura/sei-5v mini.jpg','Silla ejecutiva para visitas o sala de juntas','silla ejecutiva para visitas o sala de juntas, con base de trineo cromado','Silla ejecutiva para visitas, con estructura metálica cromada'),(119,'Sillón ejecutivo de diseño anatómico SEI-6','',9,'./img/ejecutivos/ejecutivos miniatura/sillon days mini.png','Sillón ejecutivo de diseño anatómico','Sillón ejecutivo, anatómico, de respaldo alto, reclinable, y ajustable a la altura. Tapizado con piel','Sillón ejecutivo de diseño anatómico.'),(120,'DESC','',9,'./img/ejecutivos/ejecutivos miniatura/sei-7 mini.jpg','Sillón ejecutivo importado sei-7','sillón ejecutivo de respaldo bajo, reclinable, y ajustable a la altura','Sillón ejecutivo de respaldo bajo'),(121,'Sillón ejecutivo SEI-8A','',9,'./img/ejecutivos/ejecutivos miniatura/sei-8a mini.jpg','Sillón ejecutivo importado de respaldo alto','Sillón ejecutivo de respaldo alto, reclinable, y ajustable a la altura. Tapizado con piel','Sillón ejecutivo de respaldo alto'),(122,'Sillón ejecutivo para visitas SEI-8V','',9,'./img/ejecutivos/ejecutivos miniatura/sillom1 mini.png','Sillón ejecutivo para visitas','Sillón ejecutivo para visitas, de respaldo bajo, con base tipo trineo y tapizado con material sintetico similar a la piel','Sillón ejecutivo para visitas'),(123,'DESC','',9,'./img/ejecutivos/ejecutivos miniatura/sei-9 mini.jpg','Sillón ejecutivo importado tapizado con piel sei-9','sillón ejecutivo de respaldo bajo, reclinable, tapizado con piel','Sillón ejecutivo reclinable de respaldo bajo'),(124,'Sillón ejecutivo SEI-10A','',9,'./img/ejecutivos/ejecutivos miniatura/sei-10a mini.jpg','Sillón ejecutivo tapizado con piel, de respaldo alto y base aluminio','sillón ejecutivo de respaldo alto, reclinable, tapizado con piel, excelente opción','Sillón ejecutivo tapizado con piel, reclinable, y de respaldo alto'),(125,'Sillón ejecutivo SEI-10B','',9,'./img/ejecutivos/ejecutivos miniatura/sei-10b mini.jpg','Sillón ejecutivo tapizado con piel, de respaldo bajo y base aluminio','sillón ejecutivo de respaldo bajo, reclinable, tapizado con piel, excelente opción','Sillón ejecutivo de piel, reclinable de respaldo bajo'),(126,'Sillón ejecutivo SEI-11C','',9,'./img/ejecutivos/ejecutivos miniatura/sei-11c mini.jpg','Sillón ejecutivo moderno diseño, cromado, respaldo de malla y soporte lumbar','sillón ejecutivo con cabecera, cromado, respaldo de malla, el sillon mas moderno de su genero','Sillón ejecutivo de moderno diseño. Máxima calidad y confort'),(127,'Sillón ejecutivo SEI-11','',9,'./img/ejecutivos/ejecutivos miniatura/sei-11 mini.jpg','Sillón ejecutivo de moderno diseño, cromado, respaldo de malla con soporte lumbar','sillón ejecutivo giratorio, respaldo de malla, con estructura cromada, uno de los sillones más modernos de su género','Sillón ejecutivo de moderno diseño. Máxima calidad y confort'),(128,'Silla ejecutiva SEI-12','',9,'./img/ejecutivos/ejecutivos miniatura/Sillon sei12 mini.png','Silla ejecutiva económica con respaldo de malla','silla ejecutiva con respaldo de malla. Económica y de moderno diseño. Con descansa brazos de torsión lateral','Silla ejecutiva, con respaldo tapizado en malla'),(129,'Sillón ejecutivo con respaldo de malla SEI-13','',9,'./img/ejecutivos/ejecutivos miniatura/sillon terra gris mini.png','Sillón ejecutivo ergonómico, con respaldo de malla','Sillón ejecutivo, ergonómico. Con ajustes multiples: en descansa brazos, en cabecera, soporte lumbar y reclinamiento de respaldo.','Silla ejecutiva reclinable, de moderno diseño'),(130,'Línea de sillones ejecutivos SEI-14','',9,'./img/ejecutivos/ejecutivos miniatura/sillones sei 14 miniatura.jpg','Línea de sillones ejecutivos con respaldo de malla','sillones ejecutivos de diseño ergonomico, con soporte lumbar, coderas y altura de asiento ajustables','Línea de sillones ejecutivos, con respaldo de malla y diseño ergonómico'),(131,'Banca de espera acojinada','Tapizada con vinil o pliana, disponible en 2, 3 y 4 asientos, con estructura metálica tubular.',10,'./img/espera/espera miniatura/br-t 2p mini.jpg','Banca de espera para 2, 3 y 4 personas','banca de espera reforzada, acojinada y tapizada con vinil o tela, para 2, 3 y 4 personas','Bancas de espera, con estructura reforzada, tapizadas con vinil o pliana'),(132,'Banca de espera, con asientos y respaldos de una pieza (tipo concha plástica).','Plástico polipropileno de alto impacto, y con respaldo reforzado. Disponible en colores: negro, verde, azul, rojo y naranja',10,'./img/espera/espera miniatura/brcp 3p mini.jpg','Banca de espera concha de plastico polipropileno, para 2, 3 y 4 personas','banca de espera en concha de plastico, ideal para consultorios y hospitales, disponible en varios colores','Banca de espera, con estructura reforzada. Asiento y respaldo en concha de plástico'),(133,'Banca para vestidor, metálica.','De sólida estructura fabricada con tubo de acero cuadrado, esmaltada con pintura horneada.',10,'./img/espera/espera miniatura/BANCA INDIVIDUAL MINIATURA.png','Banca para vestidor reforzada','banca metálica para vestido, fabricada con tubo cuadrado y rectangular. Ideal para vestidores de empresas, gimnasios, etc.','Banca para vestidor reforzada'),(134,'Banca de espera metálica','Banca con acabados cromados, disponible en 2, 3 y 4 asientos',10,'./img/espera/espera miniatura/banca metalica cromada 2 plazas miniatura.jpg','Banca de espera metálica cromada con 2, 3 y 4 asientos','bancas de espera, metálicas, disponible para 2, 3 y 4 personas. Cuenta con descansa brazos en los costados','Bancas de espera metálicas cromadas, con descansa-brazos laterales'),(135,'Banca de espera metálica','Banca esmaltada en color gris, disponible en 2, 3 y 4 asientos',10,'./img/espera/espera miniatura/banca metalica 2 plazas miniatura.jpg','Banca de espera metalica para 2, 3 y 4 personas','bancas de espera, metalicas, disponible para 2, 3 y 4 personas, cuenta con descansa brazos en los costados','Bancas de espera metálicas, con descansa-brazos laterales'),(136,'Banca para vestidor, metálica','2.10 metros de largo, y esmaltada en color gris claro o negro.',10,'./img/espera/espera miniatura/banca tubular para vestidor miniatura.jpg','Banca para vestidor','banca metalica para vestidor','Banca metálica para vestidor'),(137,'Archiveros metálicos de 2 y 4 cajones (gavetas)','Botón de seguridad y con correderas para carga pesada.',11,'./img/metalicos/metalicos miniatura/archivero vertical 2 y 4 gavetas mini.jpg','Archivero vertical metálico','Archivero vertical metalico, para uso comercial, de 2 y 4 cajones (gavetas)','Archiveros metálicos de 2 y 4 cajones (gavetas)'),(138,'Casillero / locker de 2, 3  4 y 5 puertas','Cuentan con jaladera, chapa con juego de 2 llaves, portacandado y ventilación en cada puerta.',11,'./img/metalicos/metalicos miniatura/locker azul 4 puertas mini.jpg','Locker o casillero metálico','locker o casillero de 1, 2, 3, 4 y 5 puertas, con porta candado y chapa (cerradura). Lámina calibre 24. Esmalte (pintura) hornado. Color negro, azul, rojo, amarillo, gris','Casilleros (Lockers) de 1, 2, 3, 4 y hasta 5 puertas'),(139,'Anaqueles metálicos de carga ligera','Postes en calibre 14 y entrepaños en calibre 24. Disponibles en varias medidas. Capacidad de carga: hasta 100 kg por entrepaño.',11,'./img/metalicos/metalicos miniatura/ANAQUELES NEGROS MINI.jpg','Anaqueles metálicos con 6 charolas','Anaqueles en medidas de 90x30, 90x45 y 90x60 cm. con charolas metálicas reforzadas para carga media','Anaqueles metálicos'),(140,'Gabinete reforzado','Por favor, haga clic en cada imagen para conocer su descripción.',11,'./img/metalicos/metalicos miniatura/gabinete metalico negro mini.jpg','Gabinete universal metálico','Gabinete universal metálico, con cerradura. 4 Entrepaños fijos. De 90x50x180 cms color negro, blanco, gris o arena','Gabinete universal metálico'),(141,'Silla para oficina (respaldo alto, anatómico y reclinable)','Línea de sillas para oficina (de uso continuo)',6,'./img/sillas_oficina/sillas_oficina miniatura/silla operativa sa-eu mini.jpg','Silla operativa reclinable, de amplio respaldo','silla para oficina operativa, giratoria, reclinable y con ajuste de altura','Silla operativa. Amplia, giratoria y reclinable'),(142,'Gabinete sencillo','Por favor, haga clic en cada imagen para conocer su descripción.',11,'./img/metalicos/metalicos miniatura/gabinete metalico color gris mini.jpg','Gabinete o estante metálico','Gabinete metálico, con cerradura general, disponible en gris.','Gabinete o Estante metálico'),(143,'Conozca las bases disponibles',NULL,6,'./img/sillas_oficina/sillas_oficina miniatura/bases mini.jpg','Base tipo estrella para silla de oficina','base metalica cromada o de nylon, con ruedas (movil) o deslizadores (fija)','Bases para sillas de oficina: metálica cromada o nylon reforzado'),(144,'Arillo posapié de nylon y arillo posapié metálico',NULL,8,'./img/cajero/cajero miniatura/arillos posapie.jpg','Arillos posapié para bancos tipo cajero','arillo posapie metalico cromado y arillo posapie de nylon','Arillos posapié para bancos tipo cajero');
/*!40000 ALTER TABLE `productos` ENABLE KEYS */;
UNLOCK TABLES;
/*!40103 SET TIME_ZONE=@OLD_TIME_ZONE */;

/*!40101 SET SQL_MODE=@OLD_SQL_MODE */;
/*!40014 SET FOREIGN_KEY_CHECKS=@OLD_FOREIGN_KEY_CHECKS */;
/*!40014 SET UNIQUE_CHECKS=@OLD_UNIQUE_CHECKS */;
/*!40101 SET CHARACTER_SET_CLIENT=@OLD_CHARACTER_SET_CLIENT */;
/*!40101 SET CHARACTER_SET_RESULTS=@OLD_CHARACTER_SET_RESULTS */;
/*!40101 SET COLLATION_CONNECTION=@OLD_COLLATION_CONNECTION */;
/*!40111 SET SQL_NOTES=@OLD_SQL_NOTES */;

-- Dump completed on 2018-11-21 19:16:07
